Country,Year,Estimated Cases,Estimated Deaths,No. of cases_median,No. of cases_min,No. of cases_max,No. of deaths_median,No. of deaths_min,No. of deaths_max,Reported Cases,Reported Deaths,Malaria Incidence,WHO Region
Afghanistan,2017,630308[495000-801000],298[110-510],630308,495000.0,801000.0,298,110.0,510.0,161778.0,10.0,27.07,Eastern Mediterranean
Algeria,2017,0,0,0,498000.0,1389000.0,0,390.0,3565.0,0.0,0.0,0.0,Africa
Angola,2017,4615605[3106000-6661000],13316[9970-16600],4615605,3106000.0,6661000.0,13316,9970.0,16600.0,3874892.0,13967.0,228.91,Africa
Argentina,2017,0,0,0,498000.0,1389000.0,0,390.0,3565.0,0.0,1.0,0.0,Americas
Armenia,2017,0,0,0,498000.0,1389000.0,0,390.0,3565.0,0.0,1.0,0.0,Europe
Azerbaijan,2017,0,0,0,498000.0,1389000.0,0,390.0,3565.0,0.0,1.0,0.0,Europe
Bangladesh,2017,32924[30000-36000],76[3-130],32924,30000.0,36000.0,76,3.0,130.0,4893.0,13.0,1.95,South-East Asia
Belize,2017,7,0,7,498000.0,1389000.0,0,390.0,3565.0,7.0,0.0,0.03,Americas
Benin,2017,4111699[2774000-6552000],7328[5740-8920],4111699,2774000.0,6552000.0,7328,5740.0,8920.0,1573163.0,2182.0,399.56,Africa
Bhutan,2017,11,0,11,498000.0,1389000.0,0,390.0,3565.0,24.0,1.0,0.02,South-East Asia
Bolivia (Plurinational State of),2017,6512[4900-8300],2[0-4],6512,4900.0,8300.0,2,0.0,4.0,4572.0,0.0,1.22,Americas
Botswana,2017,2989[2300-4200],7[0-20],2989,2300.0,4200.0,7,0.0,20.0,1900.0,17.0,2.05,Africa
Brazil,2017,217928[196000-236000],30,217928,196000.0,236000.0,30,390.0,3565.0,189503.0,30.0,5.23,Americas
Burkina Faso,2017,7907562[5645000-11330000],27791[25100-30500],7907562,5645000.0,11330000.0,27791,25100.0,30500.0,10225459.0,4144.0,399.94,Africa
Burundi,2017,2113066[1284000-3401000],5253[4300-6200],2113066,1284000.0,3401000.0,5253,4300.0,6200.0,7670177.0,4414.0,250.27,Africa
Cabo Verde,2017,423,1,423,498000.0,1389000.0,1,390.0,3565.0,423.0,2.0,3.03,Africa
Cambodia,2017,208273[186000-236000],345[30-590],208273,186000.0,236000.0,345,30.0,590.0,36932.0,1.0,17.9,Western Pacific
Cameroon,2017,7307515[4704000-11030000],11566[8900-14200],7307515,4704000.0,11030000.0,11566,8900.0,14200.0,1191257.0,3195.0,262.23,Africa
Central African Republic,2017,1804550[777000-3363000],4804[3980-5640],1804550,777000.0,3363000.0,4804,3980.0,5640.0,383309.0,3689.0,347.33,Africa
Chad,2017,2779489[1449000-4832000],8729[6640-10800],2779489,1449000.0,4832000.0,8729,6640.0,10800.0,1962372.0,2088.0,172.3,Africa
China,2017,0,0,0,498000.0,1389000.0,0,390.0,3565.0,0.0,7.0,0.0,Western Pacific
Colombia,2017,80357[60000-103000],0,80357,60000.0,103000.0,0,390.0,3565.0,52805.0,19.0,7.48,Americas
Comoros,2017,3230,8[0-10],3230,498000.0,1389000.0,8,0.0,10.0,2274.0,3.0,3.97,Africa
Congo,2017,1039706[559000-1710000],1993[1790-2190],1039706,559000.0,1710000.0,1993,1790.0,2190.0,127939.0,229.0,240.64,Americas
Costa Rica,2017,12,0,12,498000.0,1389000.0,0,390.0,3565.0,12.0,0.0,0.01,Americas
Côte d'Ivoire,2017,3373486[1847000-5475000],9579[8090-11100],3373486,1847000.0,5475000.0,9579,8090.0,11100.0,3274683.0,3222.0,362.36,Africa
Democratic People's Republic of Korea,2017,2184,0,2184,498000.0,1389000.0,0,390.0,3565.0,4575.0,0.0,0.46,Western Pacific
Democratic Republic of the Congo,2017,25021891[15670000-38570000],46007[35400-56600],25021891,15670000.0,38570000.0,46007,35400.0,56600.0,15176927.0,27458.0,329.13,Africa
Djibouti,2017,15265,0,15265,498000.0,1389000.0,0,390.0,3565.0,14671.0,27458.0,20.72,Eastern Mediterranean
Dominican Republic,2017,405[360-460],1[0-1],405,360.0,460.0,1,0.0,1.0,341.0,1.0,0.06,Americas
Ecuador,2017,1275,0,1275,498000.0,1389000.0,0,390.0,3565.0,1275.0,1.0,2.61,Americas
Egypt,2017,0,0,0,498000.0,1389000.0,0,390.0,3565.0,0.0,1.0,0.0,Eastern Mediterranean
El Salvador,2017,0,0,0,498000.0,1389000.0,0,390.0,3565.0,0.0,0.0,0.0,Americas
Equatorial Guinea,2017,435143[269000-653000],669[530-810],435143,269000.0,653000.0,669,530.0,810.0,15725.0,0.0,285.72,Africa
Eritrea,2017,115928[75000-162000],222[10-460],115928,75000.0,162000.0,222,10.0,460.0,31486.0,8.0,33.97,Africa
Eswatini,2017,724,1[0-2],724,498000.0,1389000.0,1,0.0,2.0,724.0,20.0,2.3,Africa
Ethiopia,2017,2666954[538000-6277000],5369[80-16700],2666954,538000.0,6277000.0,5369,80.0,16700.0,1530739.0,356.0,36.74,Africa
Gabon,2017,341980[145000-651000],505[450-560],341980,145000.0,651000.0,505,450.0,560.0,35244.0,218.0,254.24,Africa
Gambia,2017,119044[96000-144000],674[580-760],119044,96000.0,144000.0,674,580.0,760.0,69931.0,54.0,53.02,Africa
Georgia,2017,0,0,0,498000.0,1389000.0,0,390.0,3565.0,0.0,54.0,0.0,Europe
Ghana,2017,7805045[5031000-11880000],10917[10100-11800],7805045,5031000.0,11880000.0,10917,10100.0,11800.0,4348694.0,599.0,212.56,Africa
Guatemala,2017,4739[4000-6100],1[0-3],4739,4000.0,6100.0,1,0.0,3.0,3743.0,0.0,0.34,Americas
Guinea,2017,4282165[2858000-6083000],7562[6180-8950],4282165,2858000.0,6083000.0,7562,6180.0,8950.0,1335323.0,1174.0,311.53,Africa
Guinea-Bissau,2017,107972[40000-263000],688[590-780],107972,40000.0,263000.0,688,590.0,780.0,89784.0,296.0,78.33,Africa
Guyana,2017,24913[19000-34000],33[3-60],24913,19000.0,34000.0,33,3.0,60.0,13936.0,11.0,32.55,Americas
Haiti,2017,32011[22000-43000],81[2-160],32011,22000.0,43000.0,81,2.0,160.0,19135.0,12.0,3.55,Americas
Honduras,2017,1695[1400-2100],1[0-1],1695,1400.0,2100.0,1,0.0,1.0,1277.0,1.0,0.22,Americas
India,2017,9590000[6965000-13260000],16733[1200-31900],9590000,6965000.0,13260000.0,16733,1200.0,31900.0,844558.0,194.0,7.47,South-East Asia
Indonesia,2017,1530566[1232000-1978000],2680[200-5110],1530566,1232000.0,1978000.0,2680,200.0,5110.0,261617.0,47.0,6.77,South-East Asia
Iran (Islamic Republic of),2017,60,0,60,498000.0,1389000.0,0,390.0,3565.0,57.0,1.0,0.07,Eastern Mediterranean
Iraq,2017,0,0,0,498000.0,1389000.0,0,390.0,3565.0,0.0,1.0,0.0,Eastern Mediterranean
Kazakhstan,2017,0,0,0,498000.0,1389000.0,0,390.0,3565.0,0.0,1.0,0.0,Europe
Kenya,2017,3520384[1970000-5860000],12467[11200-13700],3520384,1970000.0,5860000.0,12467,11200.0,13700.0,3215116.0,1.0,70.1,Africa
Kyrgyzstan,2017,0,0,0,498000.0,1389000.0,0,390.0,3565.0,0.0,1.0,0.0,Europe
Lao People's Democratic Republic,2017,20712[16000-27000],30[2-60],20712,16000.0,27000.0,30,2.0,60.0,9333.0,2.0,5.63,Western Pacific
Liberia,2017,911333[423000-1571000],2227[1910-2540],911333,423000.0,1571000.0,2227,1910.0,2540.0,9333.0,758.0,401.11,Africa
Madagascar,2017,2324289[1740000-2992000],5950[190-11200],2324289,1740000.0,2992000.0,5950,190.0,11200.0,800661.0,370.0,75.67,Africa
Malawi,2017,4303543[2707000-6366000],7077[6060-8090],4303543,2707000.0,6366000.0,7077,6060.0,8090.0,4901344.0,3613.0,216.26,Africa
Malaysia,2017,85,10,85,498000.0,1389000.0,10,390.0,3565.0,85.0,12.0,0.07,Western Pacific
Mali,2017,7160192[5060000-10180000],12425[9870-15000],7160192,5060000.0,10180000.0,12425,9870.0,15000.0,1918376.0,1050.0,386.78,Africa
Mauritania,2017,238272[95000-445000],1421[1230-1610],238272,95000.0,445000.0,1421,1230.0,1610.0,20105.0,67.0,55.49,Africa
Mexico,2017,736,0,736,498000.0,1389000.0,0,390.0,3565.0,736.0,0.0,0.28,Americas
Morocco,2017,0,0,0,498000.0,1389000.0,0,390.0,3565.0,0.0,0.0,0.0,Eastern Mediterranean
Mozambique,2017,10025823[7360000-13570000],14713[12200-17200],10025823,7360000.0,13570000.0,14713,12200.0,17200.0,8921081.0,1114.0,326.4,Africa
Myanmar,2017,116772[95000-140000],218[10-390],116772,95000.0,140000.0,218,10.0,390.0,19619.0,30.0,3.8,South-East Asia
Namibia,2017,89611[71000-109000],229[7-420],89611,71000.0,109000.0,229,7.0,420.0,54268.0,104.0,46.75,Africa
Nepal,2017,3829[3100-4800],1[0-3],3829,3100.0,4800.0,1,0.0,3.0,623.0,3.0,0.39,South-East Asia
Nicaragua,2017,13711[11000-16000],10[2-20],13711,11000.0,16000.0,10,2.0,20.0,10949.0,3.0,4.98,Americas
Niger,2017,7702777[4039000-12850000],17155[13000-21300],7702777,4039000.0,12850000.0,17155,13000.0,21300.0,2638580.0,2316.0,356.57,Africa
Nigeria,2017,53667565[36330000-75930000],81640[64400-98800],53667565,36330000.0,75930000.0,81640,64400.0,98800.0,11571958.0,2316.0,283.06,Africa
Oman,2017,0,0,0,498000.0,1389000.0,0,390.0,3565.0,0.0,2316.0,0.0,Eastern Mediterranean
Pakistan,2017,956280[726000-1348000],805[160-1480],956280,726000.0,1348000.0,805,160.0,1480.0,350467.0,113.0,4.75,Eastern Mediterranean
Panama,2017,808[760-860],0,808,760.0,860.0,0,390.0,3565.0,649.0,0.0,0.2,Americas
Papua New Guinea,2017,1500657[1032000-2063000],3053[170-6120],1500657,1032000.0,2063000.0,3053,170.0,6120.0,478340.0,273.0,177.84,Western Pacific
Paraguay,2017,0,0,0,498000.0,1389000.0,0,390.0,3565.0,0.0,0.0,0.0,Americas
Peru,2017,70745[59000-83000],10,70745,59000.0,83000.0,10,390.0,3565.0,55367.0,10.0,5.87,Americas
Philippines,2017,15253[11000-19000],34[1-60],15253,11000.0,19000.0,34,1.0,60.0,3950.0,4.0,0.31,Western Pacific
Republic of Korea,2017,436,0,436,498000.0,1389000.0,0,390.0,3565.0,436.0,3.0,0.12,Western Pacific
Rwanda,2017,6172220[4689000-7718000],3270[2990-3550],6172220,4689000.0,7718000.0,3270,2990.0,3550.0,1876123.0,376.0,538.34,Africa
Sao Tome and Principe,2017,2239,0,2239,498000.0,1389000.0,0,390.0,3565.0,2239.0,1.0,10.81,Africa
Saudi Arabia,2017,177,0,177,498000.0,1389000.0,0,390.0,3565.0,177.0,0.0,0.07,Eastern Mediterranean
Senegal,2017,1024285[701000-1384000],4523[4060-4980],1024285,701000.0,1384000.0,4523,4060.0,4980.0,395706.0,284.0,52.35,Africa
Sierra Leone,2017,2869588[1954000-4250000],17590[16200-19000],2869588,1954000.0,4250000.0,17590,16200.0,19000.0,1651236.0,1298.0,364.13,Africa
Solomon Islands,2017,103482[79000-141000],134[20-260],103482,79000.0,141000.0,134,20.0,260.0,52463.0,27.0,164.34,Western Pacific
Somalia,2017,541768[319000-814000],1386[40-3100],541768,319000.0,814000.0,1386,40.0,3100.0,35138.0,20.0,37.13,Eastern Mediterranean
South Africa,2017,22517,274,22517,498000.0,1389000.0,274,390.0,3565.0,22061.0,301.0,3.95,Africa
South Sudan,2017,1781704[1055000-2799000],6069[5220-6920],1781704,1055000.0,2799000.0,6069,5220.0,6920.0,1488005.0,3483.0,245.8,Africa
Sri Lanka,2017,0,0,0,498000.0,1389000.0,0,390.0,3565.0,0.0,0.0,0.0,South-East Asia
Sudan,2017,1517910[903000-2348000],3885[110-8940],1517910,903000.0,2348000.0,3885,110.0,8940.0,720879.0,1446.0,46.75,Eastern Mediterranean
Suriname,2017,40,0,40,498000.0,1389000.0,0,390.0,3565.0,40.0,1.0,0.47,Americas
Syrian Arab Republic,2017,0,0,0,498000.0,1389000.0,0,390.0,3565.0,0.0,1.0,0.0,Eastern Mediterranean
Tajikistan,2017,0,0,0,498000.0,1389000.0,0,390.0,3565.0,0.0,1.0,0.0,Europe
Thailand,2017,11043,11,11043,498000.0,1389000.0,11,390.0,3565.0,11440.0,11.0,0.95,South-East Asia
Timor-Leste,2017,36[30-40],0,36,30.0,40.0,0,390.0,3565.0,16.0,0.0,0.03,South-East Asia
Togo,2017,2891868[2015000-4257000],5341[4360-6330],2891868,2015000.0,4257000.0,5341,4360.0,6330.0,1209034.0,995.0,278.2,Africa
Turkey,2017,0,0,0,498000.0,1389000.0,0,390.0,3565.0,0.0,995.0,0.0,Europe
Turkmenistan,2017,0,0,0,498000.0,1389000.0,0,390.0,3565.0,0.0,995.0,0.0,Europe
Uganda,2017,8600724[5168000-13630000],14390[11800-16900],8600724,5168000.0,13630000.0,14390,11800.0,16900.0,11667831.0,5111.0,336.76,Africa
United Arab Emirates,2017,0,0,0,498000.0,1389000.0,0,390.0,3565.0,0.0,5111.0,0.0,Eastern Mediterranean
United Republic of Tanzania,2017,6477825[4140000-9717000],22301[19800-24800],6477825,4140000.0,9717000.0,22301,19800.0,24800.0,5354486.0,3685.0,123.96,Africa
Uzbekistan,2017,0,0,0,498000.0,1389000.0,0,390.0,3565.0,0.0,3685.0,0.0,Europe
Vanuatu,2017,2270[1700-3100],2[0-3],2270,1700.0,3100.0,2,0.0,3.0,1071.0,0.0,7.94,Western Pacific
Venezuela (Bolivarian Republic of),2017,519109[433000-665000],456[80-790],519109,433000.0,665000.0,456,80.0,790.0,411586.0,0.0,32.63,Americas
Viet Nam,2017,5481[5100-6000],9[0-20],5481,5100.0,6000.0,9,0.0,20.0,4548.0,6.0,0.08,Western Pacific
Yemen,2017,762995[547000-1083000],1926[70-3760],762995,547000.0,1083000.0,1926,70.0,3760.0,114004.0,37.0,41.64,Eastern Mediterranean
Zambia,2017,3475522[2492000-4899000],7618[6600-8630],3475522,2492000.0,4899000.0,7618,6600.0,8630.0,5505639.0,1425.0,160.05,Africa
Zimbabwe,2017,1239430[826000-1737000],3172[90-6410],1239430,826000.0,1737000.0,3172,90.0,6410.0,315624.0,527.0,108.55,Africa
Afghanistan,2016,614491[439000-838000],294[100-530],614491,439000.0,838000.0,294,100.0,530.0,139087.0,47.0,26.11,Eastern Mediterranean
Algeria,2016,0,0,0,498000.0,1389000.0,0,390.0,3565.0,0.0,0.0,0.0,Africa
Angola,2016,4485050[3010000-6468000],13197[9840-16600],4485050,3010000.0,6468000.0,13197,9840.0,16600.0,3794253.0,15997.0,219.99,Africa
Argentina,2016,0,0,0,498000.0,1389000.0,0,390.0,3565.0,0.0,0.0,0.0,Americas
Armenia,2016,0,0,0,498000.0,1389000.0,0,390.0,3565.0,0.0,0.0,0.0,Europe
Azerbaijan,2016,0,0,0,498000.0,1389000.0,0,390.0,3565.0,0.0,0.0,0.0,Europe
Bangladesh,2016,31169[28000-34000],73[3-120],31169,28000.0,34000.0,73,3.0,120.0,4787.0,17.0,1.86,South-East Asia
Belize,2016,4,0,4,498000.0,1389000.0,0,390.0,3565.0,4.0,0.0,0.02,Americas
Benin,2016,4007210[2703000-6376000],7137[5570-8710],4007210,2703000.0,6376000.0,7137,5570.0,8710.0,1324576.0,1646.0,421.58,Africa
Bhutan,2016,15,0,15,498000.0,1389000.0,0,390.0,3565.0,15.0,0.0,0.03,South-East Asia
Bolivia (Plurinational State of),2016,7894[5900-10000],2[0-5],7894,5900.0,10000.0,2,0.0,5.0,5542.0,0.0,1.5,Americas
Botswana,2016,1150[890-1600],2[0-5],1150,890.0,1600.0,2,0.0,5.0,716.0,3.0,0.81,Africa
Brazil,2016,133591[128000-142000],35,133591,128000.0,142000.0,35,390.0,3565.0,124178.0,35.0,3.22,Americas
Burkina Faso,2016,7675183[5478000-11000000],28453[25600-31400],7675183,5478000.0,11000000.0,28453,25600.0,31400.0,9779154.0,3974.0,401.73,Africa
Burundi,2016,2053294[1247000-3303000],5161[4220-6100],2053294,1247000.0,3303000.0,5161,4220.0,6100.0,8274062.0,5853.0,225.74,Africa
Cabo Verde,2016,48,1,48,498000.0,1389000.0,1,390.0,3565.0,48.0,1.0,0.35,Africa
Cambodia,2016,127552[114000-144000],210[20-360],127552,114000.0,144000.0,210,20.0,360.0,23492.0,3.0,11.13,Western Pacific
Cameroon,2016,7176158[4625000-10820000],11999[9230-14800],7176158,4625000.0,10820000.0,11999,9230.0,14800.0,1675264.0,2639.0,264.31,Africa
Central African Republic,2016,1780632[762000-3310000],4998[4130-5870],1780632,762000.0,3310000.0,4998,4130.0,5870.0,1032764.0,2668.0,362.02,Africa
Chad,2016,2689908[1404000-4670000],8900[6730-11100],2689908,1404000.0,4670000.0,8900,6730.0,11100.0,1294768.0,1686.0,169.93,Africa
China,2016,3,0,3,498000.0,1389000.0,0,390.0,3565.0,3.0,15.0,0.0,Western Pacific
Colombia,2016,115125[88000-144000],0,115125,88000.0,144000.0,0,390.0,3565.0,82609.0,36.0,10.83,Americas
Comoros,2016,1143,2[0-4],1143,498000.0,1389000.0,2,0.0,4.0,1066.0,0.0,1.44,Africa
Congo,2016,1030697[551000-1698000],1996[1780-2210],1030697,551000.0,1698000.0,1996,1780.0,2210.0,171847.0,733.0,233.38,Americas
Costa Rica,2016,4,0,4,498000.0,1389000.0,0,390.0,3565.0,4.0,0.0,0.0,Americas
Côte d'Ivoire,2016,3319810[1802000-5391000],9579[8080-11100],3319810,1802000.0,5391000.0,9579,8080.0,11100.0,3471024.0,3340.0,354.66,Africa
Democratic People's Republic of Korea,2016,2719,0,2719,498000.0,1389000.0,0,390.0,3565.0,2719.0,0.0,0.28,Western Pacific
Democratic Republic of the Congo,2016,24454696[15330000-37700000],46408[35600-57200],24454696,15330000.0,37700000.0,46408,35600.0,57200.0,15330841.0,33997.0,322.77,Africa
Djibouti,2016,13804,5,13804,498000.0,1389000.0,5,390.0,3565.0,13804.0,5.0,19.81,Eastern Mediterranean
Dominican Republic,2016,896[760-1000],2[0-4],896,760.0,1000.0,2,0.0,4.0,690.0,2.0,0.16,Americas
Ecuador,2016,1191,0,1191,498000.0,1389000.0,0,390.0,3565.0,1191.0,0.0,2.48,Americas
Egypt,2016,0,0,0,498000.0,1389000.0,0,390.0,3565.0,0.0,0.0,0.0,Eastern Mediterranean
El Salvador,2016,12,0,12,498000.0,1389000.0,0,390.0,3565.0,12.0,0.0,0.01,Americas
Equatorial Guinea,2016,427357[264000-642000],728[580-880],427357,264000.0,642000.0,728,580.0,880.0,147714.0,109.0,306.97,Africa
Eritrea,2016,86561[47000-138000],198[7-440],86561,47000.0,138000.0,198,7.0,440.0,24251.0,21.0,25.64,Africa
Eswatini,2016,350,0[0-1],350,498000.0,1389000.0,0,0.0,1.0,350.0,3.0,1.12,Africa
Ethiopia,2016,2927266[525000-6983000],5705[80-17900],2927266,525000.0,6983000.0,5705,80.0,17900.0,1718504.0,510.0,41.41,Africa
Gabon,2016,334796[142000-637000],502[440-560],334796,142000.0,637000.0,502,440.0,560.0,23915.0,101.0,270.67,Africa
Gambia,2016,253981[204000-307000],667[580-760],253981,204000.0,307000.0,667,580.0,760.0,153774.0,79.0,116.53,Africa
Georgia,2016,0,0,0,498000.0,1389000.0,0,390.0,3565.0,0.0,0.0,0.0,Europe
Ghana,2016,7652909[4966000-11680000],11223[10300-12200],7652909,4966000.0,11680000.0,11223,10300.0,12200.0,4535167.0,1264.0,236.0,Africa
Guatemala,2016,6120[5100-7800],2[0-4],6120,5100.0,7800.0,2,0.0,4.0,4853.0,0.0,0.45,Americas
Guinea,2016,4197876[2801000-5973000],7962[6480-9460],4197876,2801000.0,5973000.0,7962,6480.0,9460.0,992146.0,867.0,331.47,Africa
Guinea-Bissau,2016,105441[39000-257000],684[590-780],105441,39000.0,257000.0,684,590.0,780.0,150903.0,191.0,71.35,Africa
Guyana,2016,22108[17000-30000],28[3-50],22108,17000.0,30000.0,28,3.0,50.0,12367.0,13.0,24.98,Americas
Haiti,2016,35105[24000-47000],89[2-180],35105,24000.0,47000.0,89,2.0,180.0,21430.0,13.0,3.8,Americas
Honduras,2016,5934[4600-7400],6[0-10],5934,4600.0,7400.0,6,0.0,10.0,4094.0,0.0,0.74,Americas
India,2016,12630000[8993000-17830000],22786[1580-45300],12630000,8993000.0,17830000.0,22786,1580.0,45300.0,1087285.0,331.0,9.99,South-East Asia
Indonesia,2016,1293337[1043000-1679000],2239[170-4290],1293337,1043000.0,1679000.0,2239,170.0,4290.0,218450.0,161.0,5.54,South-East Asia
Iran (Islamic Republic of),2016,81,0,81,498000.0,1389000.0,0,390.0,3565.0,81.0,0.0,0.1,Eastern Mediterranean
Iraq,2016,0,0,0,498000.0,1389000.0,0,390.0,3565.0,0.0,0.0,0.0,Eastern Mediterranean
Kazakhstan,2016,0,0,0,498000.0,1389000.0,0,390.0,3565.0,0.0,0.0,0.0,Europe
Kenya,2016,3452117[1921000-5768000],12419[11100-13700],3452117,1921000.0,5768000.0,12419,11100.0,13700.0,2783846.0,603.0,70.38,Africa
Kyrgyzstan,2016,0,0,0,498000.0,1389000.0,0,390.0,3565.0,0.0,0.0,0.0,Europe
Lao People's Democratic Republic,2016,28152[21000-36000],34[4-60],28152,21000.0,36000.0,34,4.0,60.0,11223.0,1.0,7.77,Western Pacific
Liberia,2016,898524[417000-1550000],2213[1890-2530],898524,417000.0,1550000.0,2213,1890.0,2530.0,1191137.0,1259.0,386.3,Africa
Madagascar,2016,1692049[1241000-2231000],4331[140-8280],1692049,1241000.0,2231000.0,4331,140.0,8280.0,475333.0,443.0,56.58,Africa
Malawi,2016,4223467[2647000-6235000],7177[6110-8250],4223467,2647000.0,6235000.0,7177,6110.0,8250.0,4827373.0,4000.0,210.66,Africa
Malaysia,2016,266,2,266,498000.0,1389000.0,2,390.0,3565.0,266.0,2.0,0.22,Western Pacific
Mali,2016,6902717[4871000-9821000],13974[11100-16900],6902717,4871000.0,9821000.0,13974,11100.0,16900.0,2156282.0,1344.0,384.22,Africa
Mauritania,2016,298498[138000-540000],1402[1210-1590],298498,138000.0,540000.0,1402,1210.0,1590.0,23042.0,315.0,71.5,Africa
Mexico,2016,551,0,551,498000.0,1389000.0,0,390.0,3565.0,551.0,1.0,0.21,Americas
Morocco,2016,0,0,0,498000.0,1389000.0,0,390.0,3565.0,0.0,1.0,0.0,Eastern Mediterranean
Mozambique,2016,9753050[7163000-13210000],15269[12600-17900],9753050,7163000.0,13210000.0,15269,12600.0,17900.0,8520376.0,1685.0,344.82,Africa
Myanmar,2016,262577[214000-316000],444[30-800],262577,214000.0,316000.0,444,30.0,800.0,110146.0,21.0,5.12,South-East Asia
Namibia,2016,41608[33000-51000],106[3-190],41608,33000.0,51000.0,106,3.0,190.0,25198.0,65.0,22.12,Africa
Nepal,2016,2754[1900-4800],1[0-4],2754,1900.0,4800.0,1,0.0,4.0,507.0,3.0,0.43,South-East Asia
Nicaragua,2016,7854[6600-9200],6[1-10],7854,6600.0,9200.0,6,1.0,10.0,6272.0,2.0,2.89,Americas
Niger,2016,7457829[3910000-12420000],18226[13800-22700],7457829,3910000.0,12420000.0,18226,13800.0,22700.0,4148167.0,2226.0,358.74,Africa
Nigeria,2016,52357005[35450000-74040000],90378[71100-110000],52357005,35450000.0,74040000.0,90378,71100.0,110000.0,9234387.0,2226.0,281.38,Africa
Oman,2016,0,0,0,498000.0,1389000.0,0,390.0,3565.0,0.0,2226.0,0.0,Eastern Mediterranean
Pakistan,2016,1202476[823000-1904000],1013[200-2030],1202476,823000.0,1904000.0,1013,200.0,2030.0,318449.0,33.0,6.01,Eastern Mediterranean
Panama,2016,817[790-870],0,817,790.0,870.0,0,390.0,3565.0,769.0,0.0,0.21,Americas
Papua New Guinea,2016,1469150[1063000-1958000],3109[160-6100],1469150,1063000.0,1958000.0,3109,160.0,6100.0,478497.0,306.0,177.61,Western Pacific
Paraguay,2016,0,0,0,498000.0,1389000.0,0,390.0,3565.0,0.0,1.0,0.0,Americas
Peru,2016,71056[60000-83000],7,71056,60000.0,83000.0,7,390.0,3565.0,56623.0,7.0,6.0,Americas
Philippines,2016,16173[12000-21000],36[1-70],16173,12000.0,21000.0,36,1.0,70.0,6680.0,7.0,0.29,Western Pacific
Republic of Korea,2016,602,0,602,498000.0,1389000.0,0,390.0,3565.0,602.0,1.0,0.17,Western Pacific
Rwanda,2016,6608358[5020000-8268000],3242[2950-3530],6608358,5020000.0,8268000.0,3242,2950.0,3530.0,3380568.0,715.0,585.54,Africa
Sao Tome and Principe,2016,2238,0,2238,498000.0,1389000.0,0,390.0,3565.0,2238.0,0.0,11.01,Africa
Saudi Arabia,2016,272,0,272,498000.0,1389000.0,0,390.0,3565.0,272.0,0.0,0.1,Eastern Mediterranean
Senegal,2016,836561[574000-1124000],4475[4000-4950],836561,574000.0,1124000.0,4475,4000.0,4950.0,349540.0,325.0,45.66,Africa
Sierra Leone,2016,2796045[1904000-4132000],17550[16100-19000],2796045,1904000.0,4132000.0,17550,16100.0,19000.0,1775306.0,1345.0,391.33,Africa
Solomon Islands,2016,84451[71000-102000],103[10-180],84451,71000.0,102000.0,103,10.0,180.0,54431.0,20.0,137.71,Western Pacific
Somalia,2016,528591[310000-794000],1353[40-3010],528591,310000.0,794000.0,1353,40.0,3010.0,35628.0,13.0,37.26,Eastern Mediterranean
South Africa,2016,4323,34,4323,498000.0,1389000.0,34,390.0,3565.0,4323.0,34.0,0.77,Africa
South Sudan,2016,1739256[1030000-2735000],5821[5010-6630],1739256,1030000.0,2735000.0,5821,5010.0,6630.0,0.0,34.0,244.55,Africa
Sri Lanka,2016,0,0,0,498000.0,1389000.0,0,390.0,3565.0,0.0,0.0,0.0,South-East Asia
Sudan,2016,1484475[879000-2301000],3800[100-8720],1484475,879000.0,2301000.0,3800,100.0,8720.0,575015.0,984.0,41.73,Eastern Mediterranean
Suriname,2016,76,0,76,498000.0,1389000.0,0,390.0,3565.0,76.0,0.0,0.91,Americas
Syrian Arab Republic,2016,0,0,0,498000.0,1389000.0,0,390.0,3565.0,0.0,0.0,0.0,Eastern Mediterranean
Tajikistan,2016,0,0,0,498000.0,1389000.0,0,390.0,3565.0,0.0,0.0,0.0,Europe
Thailand,2016,13451,27,13451,498000.0,1389000.0,27,390.0,3565.0,11522.0,27.0,1.03,South-East Asia
Timor-Leste,2016,148[120-170],0,148,120.0,170.0,0,390.0,3565.0,94.0,0.0,0.11,South-East Asia
Togo,2016,2862933[1997000-4209000],5381[4370-6380],2862933,1997000.0,4209000.0,5381,4370.0,6380.0,1183265.0,847.0,324.86,Africa
Turkey,2016,0,0,0,498000.0,1389000.0,0,390.0,3565.0,0.0,6.0,0.0,Europe
Turkmenistan,2016,0,0,0,498000.0,1389000.0,0,390.0,3565.0,0.0,0.0,0.0,Europe
Uganda,2016,8425793[5051000-13370000],14101[11600-16600],8425793,5051000.0,13370000.0,14101,11600.0,16600.0,9385132.0,5635.0,304.41,Africa
United Arab Emirates,2016,0,0,0,498000.0,1389000.0,0,390.0,3565.0,0.0,5635.0,0.0,Eastern Mediterranean
United Republic of Tanzania,2016,6317222[4017000-9481000],21981[19500-24500],6317222,4017000.0,9481000.0,21981,19500.0,24500.0,5193520.0,5046.0,123.57,Africa
Uzbekistan,2016,0,0,0,498000.0,1389000.0,0,390.0,3565.0,0.0,0.0,0.0,Europe
Vanuatu,2016,4184[3200-5700],2[0-4],4184,3200.0,5700.0,2,0.0,4.0,1868.0,0.0,15.01,Western Pacific
Venezuela (Bolivarian Republic of),2016,303471[253000-387000],281[50-490],303471,253000.0,387000.0,281,50.0,490.0,240613.0,1.0,18.79,Americas
Viet Nam,2016,5024[4600-5600],8[0-10],5024,4600.0,5600.0,8,0.0,10.0,4161.0,3.0,0.07,Western Pacific
Yemen,2016,667967[477000-946000],1698[60-3290],667967,477000.0,946000.0,1698,60.0,3290.0,98701.0,65.0,37.75,Eastern Mediterranean
Zambia,2016,3387771[2422000-4776000],7588[6540-8630],3387771,2422000.0,4776000.0,7588,6540.0,8630.0,4851319.0,1827.0,181.39,Africa
Zimbabwe,2016,740192[501000-1009000],1894[60-3800],740192,501000.0,1009000.0,1894,60.0,3800.0,279988.0,351.0,65.78,Africa
Afghanistan,2015,369809[247000-524000],175[60-320],369809,247000.0,524000.0,175,60.0,320.0,86895.0,49.0,14.91,Eastern Mediterranean
Algeria,2015,0,0,0,498000.0,1389000.0,0,390.0,3565.0,0.0,0.0,0.0,Africa
Angola,2015,4303582[2882000-6212000],13046[9640-16400],4303582,2882000.0,6212000.0,13046,9640.0,16400.0,2769305.0,7832.0,199.99,Africa
Argentina,2015,0,0,0,498000.0,1389000.0,0,390.0,3565.0,0.0,0.0,0.0,Americas
Armenia,2015,0,0,0,498000.0,1389000.0,0,390.0,3565.0,0.0,0.0,0.0,Europe
Azerbaijan,2015,0,0,0,498000.0,1389000.0,0,390.0,3565.0,0.0,0.0,0.0,Europe
Bangladesh,2015,44948[41000-49000],107[4-180],44948,41000.0,49000.0,107,4.0,180.0,6608.0,9.0,2.72,South-East Asia
Belize,2015,9,0,9,498000.0,1389000.0,0,390.0,3565.0,9.0,0.0,0.04,Americas
Benin,2015,3787806[2518000-6071000],6872[5340-8410],3787806,2518000.0,6071000.0,6872,5340.0,8410.0,1268347.0,1416.0,411.82,Africa
Bhutan,2015,34,0,34,498000.0,1389000.0,0,390.0,3565.0,34.0,0.0,0.06,South-East Asia
Bolivia (Plurinational State of),2015,9792[7300-12000],3[1-7],9792,7300.0,12000.0,3,1.0,7.0,6874.0,0.0,1.89,Americas
Botswana,2015,519[400-730],1[0-2],519,400.0,730.0,1,0.0,2.0,326.0,5.0,0.37,Africa
Brazil,2015,158963[143000-172000],35,158963,143000.0,172000.0,35,390.0,3565.0,138229.0,35.0,3.88,Americas
Burkina Faso,2015,7770245[5534000-11050000],29833[26500-33100],7770245,5534000.0,11050000.0,29833,26500.0,33100.0,7015446.0,5379.0,400.09,Africa
Burundi,2015,1957365[1186000-3159000],5044[4110-5980],1957365,1186000.0,3159000.0,5044,4110.0,5980.0,5159706.0,3799.0,165.5,Africa
Cabo Verde,2015,7,0,7,498000.0,1389000.0,0,390.0,3565.0,7.0,0.0,0.05,Africa
Cambodia,2015,224858[201000-256000],385[30-660],224858,201000.0,256000.0,385,30.0,660.0,33930.0,10.0,19.94,Western Pacific
Cameroon,2015,7223417[4647000-10940000],12445[9580-15300],7223417,4647000.0,10940000.0,12445,9580.0,15300.0,1162784.0,3440.0,254.5,Africa
Central African Republic,2015,1758188[754000-3277000],5289[4350-6220],1758188,754000.0,3277000.0,5289,4350.0,6220.0,598833.0,1763.0,379.91,Africa
Chad,2015,2690084[1407000-4633000],9206[6950-11500],2690084,1407000.0,4633000.0,9206,6950.0,11500.0,787046.0,1572.0,167.28,Africa
China,2015,39,0,39,498000.0,1389000.0,0,390.0,3565.0,39.0,20.0,0.0,Western Pacific
Colombia,2015,72460[54000-93000],0,72460,54000.0,93000.0,0,390.0,3565.0,47616.0,18.0,6.94,Americas
Comoros,2015,1300,3[0-5],1300,498000.0,1389000.0,3,0.0,5.0,1300.0,1.0,1.67,Africa
Congo,2015,1044034[561000-1718000],2001[1780-2220],1044034,561000.0,1718000.0,2001,1780.0,2220.0,51529.0,435.0,226.71,Americas
Costa Rica,2015,0,0,0,498000.0,1389000.0,0,390.0,3565.0,0.0,0.0,0.0,Americas
Côte d'Ivoire,2015,3395695[1860000-5510000],9800[8220-11400],3395695,1860000.0,5510000.0,9800,8220.0,11400.0,3375904.0,2604.0,320.04,Africa
Democratic People's Republic of Korea,2015,773,0,773,498000.0,1389000.0,0,390.0,3565.0,773.0,0.0,0.75,Western Pacific
Democratic Republic of the Congo,2015,24159871[15210000-37230000],46276[35500-57000],24159871,15210000.0,37230000.0,46276,35500.0,57000.0,11627473.0,39054.0,308.83,Africa
Djibouti,2015,9473,23,9473,498000.0,1389000.0,23,390.0,3565.0,9473.0,23.0,13.82,Eastern Mediterranean
Dominican Republic,2015,751[660-850],1[0-3],751,660.0,850.0,1,0.0,3.0,631.0,3.0,0.14,Americas
Ecuador,2015,618,0,618,498000.0,1389000.0,0,390.0,3565.0,618.0,0.0,1.31,Americas
Egypt,2015,0,0,0,498000.0,1389000.0,0,390.0,3565.0,0.0,0.0,0.0,Eastern Mediterranean
El Salvador,2015,2,0,2,498000.0,1389000.0,0,390.0,3565.0,2.0,0.0,0.0,Americas
Equatorial Guinea,2015,418770[259000-628000],807[640-970],418770,259000.0,628000.0,807,640.0,970.0,15142.0,28.0,339.48,Africa
Eritrea,2015,64176[41000-89000],129[6-270],64176,41000.0,89000.0,129,6.0,270.0,19372.0,12.0,19.2,Africa
Eswatini,2015,157,0,157,498000.0,1389000.0,0,390.0,3565.0,157.0,5.0,0.51,Africa
Ethiopia,2015,3632424[520000-9265000],6795[80-22700],3632424,520000.0,9265000.0,6795,80.0,22700.0,1867059.0,662.0,52.77,Africa
Gabon,2015,333155[143000-631000],498[440-560],333155,143000.0,631000.0,498,440.0,560.0,23867.0,309.0,284.44,Africa
Gambia,2015,412588[333000-501000],659[570-750],412588,333000.0,501000.0,659,570.0,750.0,240382.0,167.0,195.04,Africa
Georgia,2015,0,0,0,498000.0,1389000.0,0,390.0,3565.0,0.0,1.0,0.0,Europe
Ghana,2015,7513657[4861000-11440000],11749[10600-12900],7513657,4861000.0,11440000.0,11749,10600.0,12900.0,4319919.0,2137.0,277.19,Africa
Guatemala,2015,8621[7200-11000],3[1-6],8621,7200.0,11000.0,3,1.0,6.0,6836.0,1.0,0.65,Americas
Guinea,2015,4205085[2811000-5957000],8542[6900-10200],4205085,2811000.0,5957000.0,8542,6900.0,10200.0,810979.0,846.0,356.64,Africa
Guinea-Bissau,2015,106338[40000-258000],661[570-760],106338,40000.0,258000.0,661,570.0,760.0,142309.0,477.0,79.77,Africa
Guyana,2015,17848[13000-24000],22[2-40],17848,13000.0,24000.0,22,2.0,40.0,9984.0,12.0,23.49,Americas
Haiti,2015,31181[21000-42000],79[2-160],31181,21000.0,42000.0,79,2.0,160.0,17583.0,15.0,3.44,Americas
Honduras,2015,4745[3800-5800],4[0-7],4745,3800.0,5800.0,4,0.0,7.0,3575.0,0.0,0.59,Americas
India,2015,12200000[9175000-16200000],22326[1520-42000],12200000,9175000.0,16200000.0,22326,1520.0,42000.0,1169261.0,384.0,9.67,South-East Asia
Indonesia,2015,1284900[1038000-1663000],2023[170-3840],1284900,1038000.0,1663000.0,2023,170.0,3840.0,217025.0,157.0,5.38,South-East Asia
Iran (Islamic Republic of),2015,167,0,167,498000.0,1389000.0,0,390.0,3565.0,167.0,1.0,0.21,Eastern Mediterranean
Iraq,2015,0,0,0,498000.0,1389000.0,0,390.0,3565.0,0.0,1.0,0.0,Eastern Mediterranean
Kazakhstan,2015,0,0,0,498000.0,1389000.0,0,390.0,3565.0,0.0,1.0,0.0,Europe
Kenya,2015,3455175[1921000-5783000],12331[11000-13600],3455175,1921000.0,5783000.0,12331,11000.0,13600.0,1499027.0,15061.0,72.17,Africa
Kyrgyzstan,2015,0,0,0,498000.0,1389000.0,0,390.0,3565.0,0.0,0.0,0.0,Europe
Lao People's Democratic Republic,2015,79592[60000-103000],103[10-190],79592,60000.0,103000.0,103,10.0,190.0,36056.0,2.0,22.3,Western Pacific
Liberia,2015,903748[427000-1559000],2158[1840-2470],903748,427000.0,1559000.0,2158,1840.0,2470.0,931086.0,1379.0,346.97,Africa
Madagascar,2015,2840141[2078000-3761000],7270[230-14000],2840141,2078000.0,3761000.0,7270,230.0,14000.0,744103.0,841.0,97.32,Africa
Malawi,2015,4102579[2573000-6068000],7384[6240-8530],4102579,2573000.0,6068000.0,7384,6240.0,8530.0,3661238.0,3799.0,217.04,Africa
Malaysia,2015,242,4,242,498000.0,1389000.0,4,390.0,3565.0,242.0,4.0,0.2,Western Pacific
Mali,2015,6833022[4836000-9683000],16151[12700-19600],6833022,4836000.0,9683000.0,16151,12700.0,19600.0,2295611.0,1544.0,391.83,Africa
Mauritania,2015,249961[100000-467000],1383[1190-1570],249961,100000.0,467000.0,1383,1190.0,1570.0,22631.0,39.0,61.61,Africa
Mexico,2015,517,0,517,498000.0,1389000.0,0,390.0,3565.0,517.0,0.0,0.2,Americas
Morocco,2015,0,0,0,498000.0,1389000.0,0,390.0,3565.0,0.0,0.0,0.0,Eastern Mediterranean
Mozambique,2015,9496089[6976000-12850000],15985[13100-18900],9496089,6976000.0,12850000.0,15985,13100.0,18900.0,7718782.0,2467.0,355.88,Africa
Myanmar,2015,425073[348000-511000],754[60-1370],425073,348000.0,511000.0,754,60.0,1370.0,182768.0,37.0,8.69,South-East Asia
Namibia,2015,20092[16000-24000],51[1-90],20092,16000.0,24000.0,51,1.0,90.0,12168.0,45.0,10.88,Africa
Nepal,2015,4084[2300-8700],2[0-7],4084,2300.0,8700.0,2,0.0,7.0,591.0,0.0,0.57,South-East Asia
Nicaragua,2015,2853[2400-3300],2[0-3],2853,2400.0,3300.0,2,0.0,3.0,2279.0,1.0,1.06,Americas
Niger,2015,7397212[3902000-12230000],18769[14200-23300],7397212,3902000.0,12230000.0,18769,14200.0,23300.0,2272000.0,2778.0,369.83,Africa
Nigeria,2015,52697962[35940000-74500000],98478[77400-120000],52697962,35940000.0,74500000.0,98478,77400.0,120000.0,6850782.0,2778.0,296.08,Africa
Oman,2015,0,0,0,498000.0,1389000.0,0,390.0,3565.0,0.0,2778.0,0.0,Eastern Mediterranean
Pakistan,2015,992605[533000-2002000],781[150-1940],992605,533000.0,2002000.0,781,150.0,1940.0,202013.0,34.0,5.06,Eastern Mediterranean
Panama,2015,580[560-620],0,580,560.0,620.0,0,390.0,3565.0,546.0,0.0,0.15,Americas
Papua New Guinea,2015,1066533[736000-1454000],2228[110-4450],1066533,736000.0,1454000.0,2228,110.0,4450.0,297787.0,163.0,131.54,Western Pacific
Paraguay,2015,0,0,0,498000.0,1389000.0,0,390.0,3565.0,0.0,0.0,0.0,Americas
Peru,2015,91640[77000-108000],5,91640,77000.0,108000.0,5,390.0,3565.0,61865.0,5.0,7.85,Americas
Philippines,2015,26726[20000-35000],59[2-120],26726,20000.0,35000.0,59,2.0,120.0,8266.0,20.0,0.47,Western Pacific
Republic of Korea,2015,627,0,627,498000.0,1389000.0,0,390.0,3565.0,627.0,0.0,0.18,Western Pacific
Rwanda,2015,3799535[2887000-4747000],3218[2910-3530],3799535,2887000.0,4747000.0,3218,2910.0,3530.0,2505794.0,516.0,341.96,Africa
Sao Tome and Principe,2015,2058,0,2058,498000.0,1389000.0,0,390.0,3565.0,2058.0,0.0,10.32,Africa
Saudi Arabia,2015,83,0,83,498000.0,1389000.0,0,390.0,3565.0,83.0,0.0,0.03,Eastern Mediterranean
Senegal,2015,1176494[798000-1591000],4424[3940-4910],1176494,798000.0,1591000.0,4424,3940.0,4910.0,492253.0,526.0,69.8,Africa
Sierra Leone,2015,2727461[1860000-4045000],17700[16100-19300],2727461,1860000.0,4045000.0,17700,16100.0,19300.0,1483376.0,1107.0,403.72,Africa
Solomon Islands,2015,39916[33000-49000],58[5-100],39916,33000.0,49000.0,58,5.0,100.0,23998.0,13.0,66.85,Western Pacific
Somalia,2015,514253[302000-770000],1316[40-2940],514253,302000.0,770000.0,1316,40.0,2940.0,20953.0,27.0,37.27,Eastern Mediterranean
South Africa,2015,1157,110,1157,498000.0,1389000.0,110,390.0,3565.0,555.0,110.0,0.21,Africa
South Sudan,2015,1805509[1081000-2834000],5570[4790-6340],1805509,1081000.0,2834000.0,5570,4790.0,6340.0,0.0,110.0,240.36,Africa
Sri Lanka,2015,0,0,0,498000.0,1389000.0,0,390.0,3565.0,0.0,0.0,0.0,South-East Asia
Sudan,2015,1476591[873000-2288000],3780[100-8730],1476591,873000.0,2288000.0,3780,100.0,8730.0,586827.0,868.0,35.88,Eastern Mediterranean
Suriname,2015,81,0,81,498000.0,1389000.0,0,390.0,3565.0,81.0,0.0,0.98,Americas
Syrian Arab Republic,2015,0,0,0,498000.0,1389000.0,0,390.0,3565.0,0.0,0.0,0.0,Eastern Mediterranean
Tajikistan,2015,0,0,0,498000.0,1389000.0,0,390.0,3565.0,0.0,0.0,0.0,Europe
Thailand,2015,17427,33,17427,498000.0,1389000.0,33,390.0,3565.0,8022.0,33.0,1.34,South-East Asia
Timor-Leste,2015,141[120-160],0,141,120.0,160.0,0,390.0,3565.0,80.0,0.0,0.12,South-East Asia
Togo,2015,2800982[1943000-4129000],5268[4290-6250],2800982,1943000.0,4129000.0,5268,4290.0,6250.0,1113927.0,1205.0,364.31,Africa
Turkey,2015,0,0,0,498000.0,1389000.0,0,390.0,3565.0,0.0,3.0,0.0,Europe
Turkmenistan,2015,0,0,0,498000.0,1389000.0,0,390.0,3565.0,0.0,0.0,0.0,Europe
Uganda,2015,8182789[4914000-12970000],13809[11300-16300],8182789,4914000.0,12970000.0,13809,11300.0,16300.0,7137662.0,6100.0,236.11,Africa
United Arab Emirates,2015,0,0,0,498000.0,1389000.0,0,390.0,3565.0,0.0,6100.0,0.0,Eastern Mediterranean
United Republic of Tanzania,2015,6085465[3870000-9136000],21662[19100-24200],6085465,3870000.0,9136000.0,21662,19100.0,24200.0,4241364.0,6313.0,121.74,Africa
Uzbekistan,2015,0,0,0,498000.0,1389000.0,0,390.0,3565.0,0.0,0.0,0.0,Europe
Vanuatu,2015,788[670-940],0[0-1],788,670.0,940.0,0,0.0,1.0,423.0,0.0,2.9,Western Pacific
Venezuela (Bolivarian Republic of),2015,172036[144000-220000],162[30-280],172036,144000.0,220000.0,162,30.0,280.0,136402.0,8.0,10.57,Americas
Viet Nam,2015,11283[10000-12000],16[1-30],11283,10000.0,12000.0,16,1.0,30.0,9331.0,3.0,0.17,Western Pacific
Yemen,2015,1022338[606000-4645000],2607[80-11600],1022338,606000.0,4645000.0,2607,80.0,11600.0,76259.0,14.0,24.9,Eastern Mediterranean
Zambia,2015,3347169[2398000-4710000],7526[6470-8580],3347169,2398000.0,4710000.0,7526,6470.0,8580.0,4184661.0,2389.0,202.55,Africa
Zimbabwe,2015,1081888[739000-1465000],2769[80-5480],1081888,739000.0,1465000.0,2769,80.0,5480.0,391651.0,200.0,97.65,Africa
Afghanistan,2014,284198[189000-409000],136[50-260],284198,189000.0,409000.0,136,50.0,260.0,61362.0,32.0,12.67,Eastern Mediterranean
Algeria,2014,0,0,0,498000.0,1389000.0,0,390.0,3565.0,0.0,0.0,0.0,Africa
Angola,2014,3768087[2485000-5526000],12763[9410-16100],3768087,2485000.0,5526000.0,12763,9410.0,16100.0,2298979.0,5714.0,187.94,Africa
Argentina,2014,0,0,0,498000.0,1389000.0,0,390.0,3565.0,0.0,0.0,0.0,Americas
Armenia,2014,0,0,0,498000.0,1389000.0,0,390.0,3565.0,0.0,0.0,0.0,Europe
Azerbaijan,2014,0,0,0,498000.0,1389000.0,0,390.0,3565.0,0.0,0.0,0.0,Europe
Bangladesh,2014,53948[49000-59000],132[5-210],53948,49000.0,59000.0,132,5.0,210.0,10216.0,45.0,3.3,South-East Asia
Belize,2014,19,0,19,498000.0,1389000.0,0,390.0,3565.0,19.0,0.0,0.08,Americas
Benin,2014,3387590[2299000-5154000],6709[5190-8220],3387590,2299000.0,5154000.0,6709,5190.0,8220.0,1044235.0,1869.0,399.24,Africa
Bhutan,2014,19,0,19,498000.0,1389000.0,0,390.0,3565.0,19.0,0.0,0.04,South-East Asia
Bolivia (Plurinational State of),2014,11512[8400-15000],5[1-9],11512,8400.0,15000.0,5,1.0,9.0,7401.0,1.0,2.25,Americas
Botswana,2014,2065[1600-2900],5[0-10],2065,1600.0,2900.0,5,0.0,10.0,1346.0,22.0,1.5,Africa
Brazil,2014,146675[141000-156000],36,146675,141000.0,156000.0,36,390.0,3565.0,139272.0,36.0,3.6,Americas
Burkina Faso,2014,8258938[5941000-11230000],31910[28100-35700],8258938,5941000.0,11230000.0,31910,28100.0,35700.0,5428655.0,5632.0,436.06,Africa
Burundi,2014,1688069[999000-2680000],4964[4030-5900],1688069,999000.0,2680000.0,4964,4030.0,5900.0,4585273.0,2974.0,141.51,Africa
Cabo Verde,2014,26,2,26,498000.0,1389000.0,2,390.0,3565.0,26.0,1.0,0.19,Africa
Cambodia,2014,247065[221000-281000],410[30-700],247065,221000.0,281000.0,410,30.0,700.0,25152.0,18.0,22.26,Western Pacific
Cameroon,2014,7282873[4754000-11060000],12638[9710-15500],7282873,4754000.0,11060000.0,12638,9710.0,15500.0,25152.0,4398.0,244.08,Africa
Central African Republic,2014,1786895[746000-3255000],5668[4640-6690],1786895,746000.0,3255000.0,5668,4640.0,6690.0,295088.0,635.0,393.04,Africa
Chad,2014,2797275[1513000-4737000],9749[7350-12200],2797275,1513000.0,4737000.0,9749,7350.0,12200.0,914032.0,1720.0,170.27,Africa
China,2014,56,0,56,498000.0,1389000.0,0,390.0,3565.0,56.0,0.0,0.0,Western Pacific
Colombia,2014,56815[43000-71000],17,56815,43000.0,71000.0,17,390.0,3565.0,40768.0,17.0,5.48,Americas
Comoros,2014,2203,5[0-8],2203,498000.0,1389000.0,5,0.0,8.0,2203.0,0.0,2.9,Africa
Congo,2014,1017800[569000-1712000],2000[1770-2230],1017800,569000.0,1712000.0,2000,1770.0,2230.0,66323.0,271.0,231.85,Americas
Costa Rica,2014,0,0,0,498000.0,1389000.0,0,390.0,3565.0,0.0,0.0,0.0,Americas
Côte d'Ivoire,2014,3592810[2104000-5852000],9793[8200-11400],3592810,2104000.0,5852000.0,9793,8200.0,11400.0,3712831.0,4069.0,315.07,Africa
Democratic People's Republic of Korea,2014,10535,0,10535,498000.0,1389000.0,0,390.0,3565.0,10535.0,0.0,1.08,Western Pacific
Democratic Republic of the Congo,2014,23031390[14630000-35610000],46449[35600-57300],23031390,14630000.0,35610000.0,46449,35600.0,57300.0,9968983.0,25502.0,308.39,Africa
Djibouti,2014,9439,28,9439,498000.0,1389000.0,28,390.0,3565.0,9439.0,28.0,14.01,Eastern Mediterranean
Dominican Republic,2014,546[480-620],1[0-2],546,480.0,620.0,1,0.0,2.0,459.0,4.0,0.1,Americas
Ecuador,2014,242,0,242,498000.0,1389000.0,0,390.0,3565.0,242.0,0.0,0.52,Americas
Egypt,2014,22,0,22,498000.0,1389000.0,0,390.0,3565.0,22.0,0.0,0.0,Eastern Mediterranean
El Salvador,2014,6,0,6,498000.0,1389000.0,0,390.0,3565.0,6.0,0.0,0.0,Americas
Equatorial Guinea,2014,413388[252000-626000],919[730-1110],413388,252000.0,626000.0,919,730.0,1110.0,20417.0,0.0,360.95,Africa
Eritrea,2014,109689[70000-153000],227[10-470],109689,70000.0,153000.0,227,10.0,470.0,30768.0,15.0,33.12,Africa
Eswatini,2014,711,1[0-2],711,498000.0,1389000.0,1,0.0,2.0,711.0,15.0,2.32,Africa
Ethiopia,2014,3825848[430000-10260000],6694[60-24000],3825848,430000.0,10260000.0,6694,60.0,24000.0,2118815.0,213.0,57.1,Africa
Gabon,2014,341474[139000-642000],490[430-550],341474,139000.0,642000.0,490,430.0,550.0,31900.0,159.0,285.74,Africa
Gambia,2014,291528[235000-354000],652[560-750],291528,235000.0,354000.0,652,560.0,750.0,166229.0,170.0,142.02,Africa
Georgia,2014,0,0,0,498000.0,1389000.0,0,390.0,3565.0,0.0,0.0,0.0,Europe
Ghana,2014,8113023[5384000-12160000],12625[11300-14000],8113023,5384000.0,12160000.0,12625,11300.0,14000.0,3415912.0,2200.0,315.77,Africa
Guatemala,2014,7170[6000-9200],2[1-5],7170,6000.0,9200.0,2,1.0,5.0,5685.0,1.0,0.55,Americas
Guinea,2014,4255458[2833000-5892000],9428[7580-11300],4255458,2833000.0,5892000.0,9428,7580.0,11300.0,660207.0,1067.0,381.09,Africa
Guinea-Bissau,2014,103918[38000-239000],660[560-760],103918,38000.0,239000.0,660,560.0,760.0,93431.0,357.0,93.9,Africa
Guyana,2014,22085[17000-30000],28[3-50],22085,17000.0,30000.0,28,3.0,50.0,12354.0,11.0,29.23,Americas
Haiti,2014,31950[22000-43000],81[2-160],31950,22000.0,43000.0,81,2.0,160.0,17696.0,9.0,3.49,Americas
Honduras,2014,4484[3600-5500],3[0-5],4484,3600.0,5500.0,3,0.0,5.0,3378.0,2.0,0.56,Americas
India,2014,11420000[8506000-15510000],20647[1410-39800],11420000,8506000.0,15510000.0,20647,1410.0,39800.0,1102205.0,562.0,9.2,South-East Asia
Indonesia,2014,1492130[1204000-1935000],2406[200-4570],1492130,1204000.0,1935000.0,2406,200.0,4570.0,252027.0,217.0,6.1,South-East Asia
Iran (Islamic Republic of),2014,358,0,358,498000.0,1389000.0,0,390.0,3565.0,358.0,0.0,0.45,Eastern Mediterranean
Iraq,2014,0,0,0,498000.0,1389000.0,0,390.0,3565.0,0.0,0.0,0.0,Eastern Mediterranean
Kazakhstan,2014,0,0,0,498000.0,1389000.0,0,390.0,3565.0,0.0,0.0,0.0,Europe
Kenya,2014,3916556[2205000-6574000],12242[10900-13600],3916556,2205000.0,6574000.0,12242,10900.0,13600.0,2808931.0,472.0,83.87,Africa
Kyrgyzstan,2014,0,0,0,498000.0,1389000.0,0,390.0,3565.0,0.0,0.0,0.0,Europe
Lao People's Democratic Republic,2014,105109[79000-136000],160[10-300],105109,79000.0,136000.0,160,10.0,300.0,48071.0,4.0,29.9,Western Pacific
Liberia,2014,877199[421000-1502000],2176[1850-2500],877199,421000.0,1502000.0,2176,1850.0,2500.0,864204.0,2288.0,337.57,Africa
Madagascar,2014,1303958[940000-1752000],3338[100-6560],1303958,940000.0,1752000.0,3338,100.0,6560.0,377963.0,551.0,45.78,Africa
Malawi,2014,4161861[2743000-6007000],7737[6490-8990],4161861,2743000.0,6007000.0,7737,6490.0,8990.0,2905310.0,4490.0,237.0,Africa
Malaysia,2014,3147,4,3147,498000.0,1389000.0,4,390.0,3565.0,3147.0,4.0,2.63,Western Pacific
Mali,2014,7468113[5359000-10370000],18224[14300-22100],7468113,5359000.0,10370000.0,18224,14300.0,22100.0,2039853.0,2309.0,441.01,Africa
Mauritania,2014,193933[69000-376000],1355[1160-1550],193933,69000.0,376000.0,1355,1160.0,1550.0,15835.0,19.0,49.2,Africa
Mexico,2014,656,0,656,498000.0,1389000.0,0,390.0,3565.0,656.0,0.0,0.26,Americas
Morocco,2014,0,0,0,498000.0,1389000.0,0,390.0,3565.0,0.0,0.0,0.0,Eastern Mediterranean
Mozambique,2014,9425097[6967000-12880000],16804[13700-19900],9425097,6967000.0,12880000.0,16804,13700.0,19900.0,7117648.0,3245.0,364.83,Africa
Myanmar,2014,480112[352000-667000],913[60-1830],480112,352000.0,667000.0,913,60.0,1830.0,205658.0,92.0,12.33,South-East Asia
Namibia,2014,26278[21000-32000],67[2-120],26278,21000.0,32000.0,67,2.0,120.0,15914.0,61.0,14.49,Africa
Nepal,2014,4933[3100-9700],3[0-8],4933,3100.0,9700.0,3,0.0,8.0,832.0,0.0,0.63,South-East Asia
Nicaragua,2014,1430[1200-1700],0[0-1],1430,1200.0,1700.0,0,0.0,1.0,1142.0,0.0,0.54,Americas
Niger,2014,7700900[4169000-12400000],20025[15100-24900],7700900,4169000.0,12400000.0,20025,15100.0,24900.0,1953309.0,2691.0,400.25,Africa
Nigeria,2014,59365039[41180000-81580000],107843[84600-131000],59365039,41180000.0,81580000.0,107843,84600.0,131000.0,7826954.0,6082.0,314.4,Africa
Oman,2014,0,0,0,498000.0,1389000.0,0,390.0,3565.0,0.0,0.0,0.0,Eastern Mediterranean
Pakistan,2014,1373352[747000-2602000],981[220-2300],1373352,747000.0,2602000.0,981,220.0,2300.0,275149.0,56.0,7.15,Eastern Mediterranean
Panama,2014,1016[960-1100],0,1016,960.0,1100.0,0,390.0,3565.0,864.0,0.0,0.27,Americas
Papua New Guinea,2014,1931287[1185000-2926000],3728[220-7860],1931287,1185000.0,2926000.0,3728,220.0,7860.0,281182.0,203.0,243.03,Western Pacific
Paraguay,2014,0,0,0,498000.0,1389000.0,0,390.0,3565.0,0.0,0.0,0.0,Americas
Peru,2014,81884[69000-96000],4,81884,69000.0,96000.0,4,390.0,3565.0,65252.0,4.0,7.1,Americas
Philippines,2014,14293[11000-18000],30[1-60],14293,11000.0,18000.0,30,1.0,60.0,4903.0,10.0,0.25,Western Pacific
Republic of Korea,2014,557,0,557,498000.0,1389000.0,0,390.0,3565.0,557.0,0.0,0.16,Western Pacific
Rwanda,2014,2405272[1826000-3011000],3202[2880-3530],2405272,1826000.0,3011000.0,3202,2880.0,3530.0,1610812.0,496.0,219.81,Africa
Sao Tome and Principe,2014,1754,0,1754,498000.0,1389000.0,0,390.0,3565.0,1754.0,0.0,8.96,Africa
Saudi Arabia,2014,30,0,30,498000.0,1389000.0,0,390.0,3565.0,30.0,0.0,0.01,Eastern Mediterranean
Senegal,2014,673074[498000-869000],4364[3870-4860],673074,498000.0,869000.0,4364,3870.0,4860.0,268912.0,500.0,39.51,Africa
Sierra Leone,2014,2683566[1754000-4004000],18143[16400-19900],2683566,1754000.0,4004000.0,18143,16400.0,19900.0,1374476.0,2848.0,409.31,Africa
Solomon Islands,2014,30591[25000-39000],49[4-90],30591,25000.0,39000.0,49,4.0,90.0,18404.0,23.0,52.63,Western Pacific
Somalia,2014,430886[267000-641000],1103[30-2440],430886,267000.0,641000.0,1103,30.0,2440.0,11001.0,14.0,32.1,Eastern Mediterranean
South Africa,2014,11705,174,11705,498000.0,1389000.0,174,390.0,3565.0,11705.0,174.0,2.15,Africa
South Sudan,2014,1668785[970000-2686000],5321[4580-6060],1668785,970000.0,2686000.0,5321,4580.0,6060.0,71377.0,174.0,236.14,Africa
Sri Lanka,2014,0,0,0,498000.0,1389000.0,0,390.0,3565.0,0.0,0.0,0.0,South-East Asia
Sudan,2014,1293793[789000-2009000],3312[90-7640],1293793,789000.0,2009000.0,3312,90.0,7640.0,1068506.0,823.0,33.38,Eastern Mediterranean
Suriname,2014,401,1,401,498000.0,1389000.0,1,390.0,3565.0,401.0,1.0,4.91,Americas
Syrian Arab Republic,2014,0,0,0,498000.0,1389000.0,0,390.0,3565.0,0.0,4.0,0.0,Eastern Mediterranean
Tajikistan,2014,2,0,2,498000.0,1389000.0,0,390.0,3565.0,2.0,0.0,0.0,Europe
Thailand,2014,37921,38,37921,498000.0,1389000.0,38,390.0,3565.0,37921.0,38.0,2.92,South-East Asia
Timor-Leste,2014,567[480-660],0[0-1],567,480.0,660.0,0,0.0,1.0,342.0,1.0,0.51,South-East Asia
Togo,2014,2626144[1814000-3785000],4933[4020-5850],2626144,1814000.0,3785000.0,4933,4020.0,5850.0,1130251.0,1205.0,384.68,Africa
Turkey,2014,0,0,0,498000.0,1389000.0,0,390.0,3565.0,0.0,1.0,0.0,Europe
Turkmenistan,2014,0,0,0,498000.0,1389000.0,0,390.0,3565.0,0.0,0.0,0.0,Europe
Uganda,2014,7040282[4174000-11000000],14003[11400-16600],7040282,4174000.0,11000000.0,14003,11400.0,16600.0,3631939.0,5921.0,220.62,Africa
United Arab Emirates,2014,0,0,0,498000.0,1389000.0,0,390.0,3565.0,0.0,5921.0,0.0,Eastern Mediterranean
United Republic of Tanzania,2014,5927919[3724000-8923000],21330[18800-23900],5927919,3724000.0,8923000.0,21330,18800.0,23900.0,680442.0,5373.0,118.94,Africa
Uzbekistan,2014,0,0,0,498000.0,1389000.0,0,390.0,3565.0,0.0,0.0,0.0,Europe
Vanuatu,2014,2431[1800-3300],2[0-4],2431,1800.0,3300.0,2,0.0,4.0,982.0,0.0,9.2,Western Pacific
Venezuela (Bolivarian Republic of),2014,114404[96000-148000],119[20-210],114404,96000.0,148000.0,119,20.0,210.0,90708.0,5.0,7.04,Americas
Viet Nam,2014,19060[18000-21000],29[2-50],19060,18000.0,21000.0,29,2.0,50.0,15752.0,6.0,0.28,Western Pacific
Yemen,2014,1168534[686000-4710000],2983[90-13600],1168534,686000.0,4710000.0,2983,90.0,13600.0,86707.0,23.0,29.13,Eastern Mediterranean
Zambia,2014,3534876[2468000-4925000],7451[6380-8530],3534876,2468000.0,4925000.0,7451,6380.0,8530.0,4077547.0,3257.0,222.98,Africa
Zimbabwe,2014,1093731[812000-1394000],2799[90-5290],1093731,812000.0,1394000.0,2799,90.0,5290.0,535931.0,406.0,101.89,Africa
Afghanistan,2013,213914[118000-352000],99[30-200],213914,118000.0,352000.0,99,30.0,200.0,39263.0,24.0,9.01,Eastern Mediterranean
Algeria,2013,8,0,8,498000.0,1389000.0,0,390.0,3565.0,8.0,0.0,0.0,Africa
Angola,2013,3384997[2191000-4970000],12399[9070-15700],3384997,2191000.0,4970000.0,12399,9070.0,15700.0,1999868.0,7300.0,180.9,Africa
Argentina,2013,0,0,0,498000.0,1389000.0,0,390.0,3565.0,0.0,0.0,0.0,Americas
Armenia,2013,0,0,0,498000.0,1389000.0,0,390.0,3565.0,0.0,0.0,0.0,Europe
Azerbaijan,2013,0,0,0,498000.0,1389000.0,0,390.0,3565.0,0.0,0.0,0.0,Europe
Bangladesh,2013,25019[22000-28000],60[2-100],25019,22000.0,28000.0,60,2.0,100.0,3864.0,15.0,1.54,South-East Asia
Belize,2013,20,0,20,498000.0,1389000.0,0,390.0,3565.0,20.0,0.0,0.08,Americas
Benin,2013,3219441[2175000-4744000],6633[5130-8140],3219441,2175000.0,4744000.0,6633,5130.0,8140.0,1078834.0,2288.0,395.0,Africa
Bhutan,2013,15,0,15,498000.0,1389000.0,0,390.0,3565.0,15.0,0.0,0.03,South-East Asia
Bolivia (Plurinational State of),2013,11356[8300-15000],7[1-10],11356,8300.0,15000.0,7,1.0,10.0,7301.0,0.0,2.26,Americas
Botswana,2013,725[570-1000],1[0-3],725,570.0,1000.0,1,0.0,3.0,456.0,7.0,0.53,Africa
Brazil,2013,194191[175000-211000],40,194191,175000.0,211000.0,40,390.0,3565.0,168862.0,40.0,4.82,Americas
Burkina Faso,2013,8736057[6232000-11820000],33414[29200-37600],8736057,6232000.0,11820000.0,33414,29200.0,37600.0,3769051.0,6294.0,487.52,Africa
Burundi,2013,1539318[911000-2416000],4857[3930-5790],1539318,911000.0,2416000.0,4857,3930.0,5790.0,4141387.0,3411.0,140.59,Africa
Cabo Verde,2013,22,0,22,498000.0,1389000.0,0,390.0,3565.0,22.0,0.0,0.17,Africa
Cambodia,2013,173259[155000-196000],238[20-400],173259,155000.0,196000.0,238,20.0,400.0,21309.0,12.0,15.89,Western Pacific
Cameroon,2013,6960282[4546000-10510000],12484[9620-15400],6960282,4546000.0,10510000.0,12484,9620.0,15400.0,26651.0,4349.0,243.04,Africa
Central African Republic,2013,1885599[804000-3320000],6106[4990-7220],1885599,804000.0,3320000.0,6106,4990.0,7220.0,116300.0,1026.0,406.82,Africa
Chad,2013,2947833[1699000-4685000],10632[8000-13300],2947833,1699000.0,4685000.0,10632,8000.0,13300.0,754565.0,1881.0,179.35,Africa
China,2013,86,0,86,498000.0,1389000.0,0,390.0,3565.0,86.0,0.0,0.0,Western Pacific
Colombia,2013,72044[55000-90000],10,72044,55000.0,90000.0,10,390.0,3565.0,51696.0,10.0,7.02,Americas
Comoros,2013,53156,134[5-210],53156,498000.0,1389000.0,134,5.0,210.0,53156.0,15.0,71.69,Africa
Congo,2013,975903[562000-1638000],1994[1760-2230],975903,562000.0,1638000.0,1994,1760.0,2230.0,43232.0,2870.0,231.03,Americas
Costa Rica,2013,0,0,0,498000.0,1389000.0,0,390.0,3565.0,0.0,0.0,0.0,Americas
Côte d'Ivoire,2013,4332409[2601000-6860000],10871[9020-12700],4332409,2601000.0,6860000.0,10871,9020.0,12700.0,2506953.0,3261.0,338.87,Africa
Democratic People's Republic of Korea,2013,14407,0,14407,498000.0,1389000.0,0,390.0,3565.0,14407.0,0.0,1.48,Western Pacific
Democratic Republic of the Congo,2013,22488362[14430000-34870000],46747[35800-57600],22488362,14430000.0,34870000.0,46747,35800.0,57600.0,6715223.0,30918.0,327.62,Africa
Djibouti,2013,1684,17,1684,498000.0,1389000.0,17,390.0,3565.0,1684.0,17.0,2.54,Eastern Mediterranean
Dominican Republic,2013,720[610-840],1[0-3],720,610.0,840.0,1,0.0,3.0,579.0,5.0,0.14,Americas
Ecuador,2013,368,0,368,498000.0,1389000.0,0,390.0,3565.0,368.0,0.0,0.8,Americas
Egypt,2013,0,0,0,498000.0,1389000.0,0,390.0,3565.0,0.0,0.0,0.0,Eastern Mediterranean
El Salvador,2013,6,0,6,498000.0,1389000.0,0,390.0,3565.0,6.0,0.0,0.0,Americas
Equatorial Guinea,2013,496542[308000-725000],1017[810-1220],496542,308000.0,725000.0,1017,810.0,1220.0,13129.0,66.0,365.75,Africa
Eritrea,2013,49309[31000-70000],88[5-180],49309,31000.0,70000.0,88,5.0,180.0,21317.0,6.0,15.03,Africa
Eswatini,2013,962,2[0-3],962,498000.0,1389000.0,2,0.0,3.0,962.0,4.0,3.16,Africa
Ethiopia,2013,5173952[420000-21680000],9520[50-50800],5173952,420000.0,21680000.0,9520,50.0,50800.0,2645454.0,358.0,111.6,Africa
Gabon,2013,339163[134000-622000],478[420-540],339163,134000.0,622000.0,478,420.0,540.0,28982.0,273.0,272.83,Africa
Gambia,2013,471968[377000-575000],644[550-740],471968,377000.0,575000.0,644,550.0,740.0,240792.0,262.0,236.99,Africa
Georgia,2013,0,0,0,498000.0,1389000.0,0,390.0,3565.0,0.0,0.0,0.0,Europe
Ghana,2013,8552123[5764000-12670000],13686[12100-15300],8552123,5764000.0,12670000.0,13686,12100.0,15300.0,1639451.0,2506.0,349.28,Africa
Guatemala,2013,7886[6600-10000],3[1-5],7886,6600.0,10000.0,3,1.0,5.0,6214.0,1.0,0.62,Americas
Guinea,2013,4344956[3003000-5922000],10278[8220-12300],4344956,3003000.0,5922000.0,10278,8220.0,12300.0,211257.0,108.0,408.08,Africa
Guinea-Bissau,2013,102461[39000-216000],657[560-760],102461,39000.0,216000.0,657,560.0,760.0,54584.0,418.0,113.39,Africa
Guyana,2013,56946[43000-78000],90[7-180],56946,43000.0,78000.0,90,7.0,180.0,31479.0,14.0,75.68,Americas
Haiti,2013,48004[30000-73000],122[3-270],48004,30000.0,73000.0,122,3.0,270.0,20957.0,10.0,5.31,Americas
Honduras,2013,7205[5700-8800],6[1-10],7205,5700.0,8800.0,6,1.0,10.0,5428.0,1.0,0.92,Americas
India,2013,11210000[8306000-15110000],17086[1530-32100],11210000,8306000.0,15110000.0,17086,1530.0,32100.0,881730.0,440.0,9.16,South-East Asia
Indonesia,2013,2033858[1643000-2632000],3236[280-6170],2033858,1643000.0,2632000.0,3236,280.0,6170.0,343527.0,385.0,8.13,South-East Asia
Iran (Islamic Republic of),2013,479,0,479,498000.0,1389000.0,0,390.0,3565.0,479.0,0.0,0.61,Eastern Mediterranean
Iraq,2013,0,0,0,498000.0,1389000.0,0,390.0,3565.0,0.0,0.0,0.0,Eastern Mediterranean
Kazakhstan,2013,0,0,0,498000.0,1389000.0,0,390.0,3565.0,0.0,0.0,0.0,Europe
Kenya,2013,3754660[2110000-6328000],12111[10700-13500],3754660,2110000.0,6328000.0,12111,10700.0,13500.0,2335286.0,360.0,82.48,Africa
Kyrgyzstan,2013,0,0,0,498000.0,1389000.0,0,390.0,3565.0,0.0,0.0,0.0,Europe
Lao People's Democratic Republic,2013,80695[60000-104000],148[10-280],80695,60000.0,104000.0,148,10.0,280.0,38131.0,28.0,23.3,Western Pacific
Liberia,2013,907189[483000-1425000],2208[1870-2540],907189,483000.0,1425000.0,2208,1870.0,2540.0,1244220.0,1191.0,317.28,Africa
Madagascar,2013,1813487[1184000-2781000],4642[140-10000],1813487,1184000.0,2781000.0,4642,140.0,10000.0,385598.0,641.0,65.21,Africa
Malawi,2013,4169285[2817000-6014000],8161[6790-9530],4169285,2817000.0,6014000.0,8161,6790.0,9530.0,1280892.0,3723.0,267.86,Africa
Malaysia,2013,2921,10,2921,498000.0,1389000.0,10,390.0,3565.0,2921.0,10.0,2.48,Western Pacific
Mali,2013,7448756[5311000-10230000],19765[15500-24100],7448756,5311000.0,10230000.0,19765,15500.0,24100.0,1367218.0,1680.0,452.82,Africa
Mauritania,2013,127145[38000-263000],1296[1110-1480],127145,38000.0,263000.0,1296,1110.0,1480.0,13085.0,46.0,33.22,Africa
Mexico,2013,495,0,495,498000.0,1389000.0,0,390.0,3565.0,495.0,0.0,0.2,Americas
Morocco,2013,0,0,0,498000.0,1389000.0,0,390.0,3565.0,0.0,0.0,0.0,Eastern Mediterranean
Mozambique,2013,9644363[7129000-13080000],17334[14100-20600],9644363,7129000.0,13080000.0,17334,14100.0,20600.0,2998874.0,2941.0,376.98,Africa
Myanmar,2013,709051[529000-978000],1356[90-2690],709051,529000.0,978000.0,1356,90.0,2690.0,333871.0,236.0,19.83,South-East Asia
Namibia,2013,8109[6500-9900],20[0-40],8109,6500.0,9900.0,20,0.0,40.0,4911.0,21.0,4.55,Africa
Nepal,2013,10326[7200-18000],7[1-20],10326,7200.0,18000.0,7,1.0,20.0,1974.0,0.0,1.31,South-East Asia
Nicaragua,2013,1455[1200-1700],1[0-1],1455,1200.0,1700.0,1,0.0,1.0,1162.0,0.0,0.56,Americas
Niger,2013,7780901[4452000-12230000],21180[16000-26400],7780901,4452000.0,12230000.0,21180,16000.0,26400.0,2353422.0,2209.0,420.49,Africa
Nigeria,2013,62020888[43310000-84840000],116472[91200-142000],62020888,43310000.0,84840000.0,116472,91200.0,142000.0,2353422.0,7878.0,328.65,Africa
Oman,2013,0,0,0,498000.0,1389000.0,0,390.0,3565.0,0.0,0.0,0.0,Eastern Mediterranean
Pakistan,2013,1419225[762000-2687000],1047[220-2390],1419225,762000.0,2687000.0,1047,220.0,2390.0,281755.0,244.0,7.55,Eastern Mediterranean
Panama,2013,758[730-810],0,758,730.0,810.0,0,390.0,3565.0,705.0,0.0,0.2,Americas
Papua New Guinea,2013,1677722[956000-2546000],4044[150-8350],1677722,956000.0,2546000.0,4044,150.0,8350.0,279994.0,307.0,215.41,Western Pacific
Paraguay,2013,0,0,0,498000.0,1389000.0,0,390.0,3565.0,0.0,0.0,0.0,Americas
Peru,2013,61137[51000-72000],4,61137,51000.0,72000.0,4,390.0,3565.0,48719.0,4.0,5.36,Americas
Philippines,2013,17718[13000-22000],36[1-70],17718,13000.0,22000.0,36,1.0,70.0,6514.0,12.0,0.31,Western Pacific
Republic of Korea,2013,383,0,383,498000.0,1389000.0,0,390.0,3565.0,383.0,0.0,0.11,Western Pacific
Rwanda,2013,1304560[1093000-1531000],3200[2850-3550],1304560,1093000.0,1531000.0,3200,2850.0,3550.0,962618.0,409.0,121.45,Africa
Sao Tome and Principe,2013,9243,11,9243,498000.0,1389000.0,11,390.0,3565.0,9243.0,11.0,48.12,Africa
Saudi Arabia,2013,34,0,34,498000.0,1389000.0,0,390.0,3565.0,34.0,0.0,0.01,Eastern Mediterranean
Senegal,2013,1126085[782000-1484000],4252[3760-4740],1126085,782000.0,1484000.0,4252,3760.0,4740.0,366687.0,815.0,67.9,Africa
Sierra Leone,2013,2717309[1808000-4035000],19129[17100-21200],2717309,1808000.0,4035000.0,19129,17100.0,21200.0,1701958.0,4326.0,432.7,Africa
Solomon Islands,2013,53689[40000-75000],83[7-160],53689,40000.0,75000.0,83,7.0,160.0,25609.0,18.0,94.92,Western Pacific
Somalia,2013,366378[222000-544000],937[20-2080],366378,222000.0,544000.0,937,20.0,2080.0,8944.0,23.0,28.05,Eastern Mediterranean
South Africa,2013,8645,105,8645,498000.0,1389000.0,105,390.0,3565.0,8645.0,105.0,1.61,Africa
South Sudan,2013,1707171[1007000-2741000],5075[4370-5780],1707171,1007000.0,2741000.0,5075,4370.0,5780.0,262520.0,1311.0,234.38,Africa
Sri Lanka,2013,0,0,0,498000.0,1389000.0,0,390.0,3565.0,0.0,0.0,0.0,South-East Asia
Sudan,2013,1115132[683000-1694000],2854[80-6440],1115132,683000.0,1694000.0,2854,80.0,6440.0,592383.0,685.0,31.45,Eastern Mediterranean
Suriname,2013,729,1,729,498000.0,1389000.0,1,390.0,3565.0,729.0,1.0,9.02,Americas
Syrian Arab Republic,2013,0,0,0,498000.0,1389000.0,0,390.0,3565.0,0.0,1.0,0.0,Eastern Mediterranean
Tajikistan,2013,3,0,3,498000.0,1389000.0,0,390.0,3565.0,3.0,0.0,0.0,Europe
Thailand,2013,33302,47,33302,498000.0,1389000.0,47,390.0,3565.0,33302.0,47.0,2.58,South-East Asia
Timor-Leste,2013,1709[1500-2000],2[0-4],1709,1500.0,2000.0,2,0.0,4.0,1025.0,3.0,1.56,South-East Asia
Togo,2013,2484119[1690000-3568000],4689[3820-5560],2484119,1690000.0,3568000.0,4689,3820.0,5560.0,882430.0,1361.0,385.39,Africa
Turkey,2013,0,0,0,498000.0,1389000.0,0,390.0,3565.0,0.0,3.0,0.0,Europe
Turkmenistan,2013,0,0,0,498000.0,1389000.0,0,390.0,3565.0,0.0,0.0,0.0,Europe
Uganda,2013,7407982[4431000-11680000],14254[11600-16900],7407982,4431000.0,11680000.0,14254,11600.0,16900.0,1502362.0,7277.0,254.24,Africa
United Arab Emirates,2013,0,0,0,498000.0,1389000.0,0,390.0,3565.0,0.0,7277.0,0.0,Eastern Mediterranean
United Republic of Tanzania,2013,5792430[3646000-8693000],20990[18400-23600],5792430,3646000.0,8693000.0,20990,18400.0,23600.0,1551923.0,8528.0,111.78,Africa
Uzbekistan,2013,0,0,0,498000.0,1389000.0,0,390.0,3565.0,0.0,0.0,0.0,Europe
Vanuatu,2013,5334[4000-7200],7[0-10],5334,4000.0,7200.0,7,0.0,10.0,2381.0,0.0,20.75,Western Pacific
Venezuela (Bolivarian Republic of),2013,99809[83000-129000],114[20-200],99809,83000.0,129000.0,114,20.0,200.0,78643.0,6.0,6.17,Americas
Viet Nam,2013,20760[19000-23000],34[2-60],20760,19000.0,23000.0,34,2.0,60.0,17128.0,6.0,0.31,Western Pacific
Yemen,2013,707544[507000-1009000],1805[60-3480],707544,507000.0,1009000.0,1805,60.0,3480.0,102778.0,55.0,35.76,Eastern Mediterranean
Zambia,2013,3355470[2292000-4698000],7042[6040-8040],3355470,2292000.0,4698000.0,7042,6040.0,8040.0,102778.0,3548.0,225.77,Africa
Zimbabwe,2013,863883[617000-1122000],2211[70-4270],863883,617000.0,1122000.0,2211,70.0,4270.0,422633.0,352.0,81.95,Africa
Afghanistan,2012,278223[134000-472000],117[30-260],278223,134000.0,472000.0,117,30.0,260.0,54840.0,36.0,11.15,Eastern Mediterranean
Algeria,2012,55,0,55,498000.0,1389000.0,0,390.0,3565.0,55.0,0.0,0.03,Africa
Angola,2012,3111760[1964000-4531000],12437[9050-15800],3111760,1964000.0,4531000.0,12437,9050.0,15800.0,1496834.0,5736.0,174.43,Africa
Argentina,2012,0,0,0,498000.0,1389000.0,0,390.0,3565.0,0.0,0.0,0.0,Americas
Armenia,2012,0,0,0,498000.0,1389000.0,0,390.0,3565.0,0.0,0.0,0.0,Europe
Azerbaijan,2012,3,0,3,498000.0,1389000.0,0,390.0,3565.0,3.0,0.0,0.01,Europe
Bangladesh,2012,35333[31000-40000],87[3-140],35333,31000.0,40000.0,87,3.0,140.0,9901.0,11.0,2.2,South-East Asia
Belize,2012,33,0,33,498000.0,1389000.0,0,390.0,3565.0,33.0,0.0,0.14,Americas
Benin,2012,3307673[2272000-4869000],6940[5380-8500],3307673,2272000.0,4869000.0,6940,5380.0,8500.0,705839.0,2261.0,378.03,Africa
Bhutan,2012,0,1,0,498000.0,1389000.0,1,390.0,3565.0,705839.0,1.0,0.16,South-East Asia
Bolivia (Plurinational State of),2012,11534[8400-15000],5[1-9],11534,8400.0,15000.0,5,1.0,9.0,7415.0,0.0,2.33,Americas
Botswana,2012,302[230-430],0[0-1],302,230.0,430.0,0,0.0,1.0,193.0,3.0,0.22,Africa
Brazil,2012,255662[246000-273000],60,255662,246000.0,273000.0,60,390.0,3565.0,242758.0,60.0,6.38,Americas
Burkina Faso,2012,9228345[6569000-12300000],37028[32100-42000],9228345,6569000.0,12300000.0,37028,32100.0,42000.0,3858046.0,7963.0,527.54,Africa
Burundi,2012,1501315[900000-2373000],4876[3940-5820],1501315,900000.0,2373000.0,4876,3940.0,5820.0,2151076.0,2263.0,153.93,Africa
Cabo Verde,2012,1,0,1,498000.0,1389000.0,0,390.0,3565.0,1.0,0.0,0.01,Africa
Cambodia,2012,266576[239000-300000],393[40-670],266576,239000.0,300000.0,393,40.0,670.0,40476.0,45.0,24.88,Western Pacific
Cameroon,2012,6168031[4057000-9447000],12301[9450-15200],6168031,4057000.0,9447000.0,12301,9450.0,15200.0,40476.0,3209.0,245.13,Africa
Central African Republic,2012,2023795[881000-3485000],6739[5480-7990],2023795,881000.0,3485000.0,6739,5480.0,7990.0,46759.0,1442.0,413.09,Africa
Chad,2012,3296088[2209000-4858000],11575[8700-14400],3296088,2209000.0,4858000.0,11575,8700.0,14400.0,7710.0,1359.0,195.34,Africa
China,2012,244,0,244,498000.0,1389000.0,0,390.0,3565.0,244.0,0.0,0.0,Western Pacific
Colombia,2012,83866[64000-105000],24,83866,64000.0,105000.0,24,390.0,3565.0,60179.0,24.0,8.25,Americas
Comoros,2012,49840,126[5-200],49840,498000.0,1389000.0,126,5.0,200.0,49840.0,17.0,68.85,Africa
Congo,2012,916492[537000-1538000],1951[1720-2180],916492,537000.0,1538000.0,1951,1720.0,2180.0,120319.0,623.0,224.63,Americas
Costa Rica,2012,6,0,6,498000.0,1389000.0,0,390.0,3565.0,6.0,0.0,0.0,Americas
Côte d'Ivoire,2012,5908246[3700000-9477000],12502[10300-14700],5908246,3700000.0,9477000.0,12502,10300.0,14700.0,1140627.0,1534.0,396.28,Africa
Democratic People's Republic of Korea,2012,21850,0,21850,498000.0,1389000.0,0,390.0,3565.0,21850.0,0.0,2.26,Western Pacific
Democratic Republic of the Congo,2012,22281939[14450000-34250000],48763[37300-60200],22281939,14450000.0,34250000.0,48763,37300.0,60200.0,4791598.0,21601.0,363.0,Africa
Djibouti,2012,25,0,25,498000.0,1389000.0,0,390.0,3565.0,25.0,0.0,3.31,Eastern Mediterranean
Dominican Republic,2012,1185[1000-1400],3[0-5],1185,1000.0,1400.0,3,0.0,5.0,952.0,8.0,0.23,Americas
Ecuador,2012,544,0,544,498000.0,1389000.0,0,390.0,3565.0,544.0,0.0,1.21,Americas
Egypt,2012,0,0,0,498000.0,1389000.0,0,390.0,3565.0,0.0,0.0,0.0,Eastern Mediterranean
El Salvador,2012,13,0,13,498000.0,1389000.0,0,390.0,3565.0,13.0,0.0,0.01,Americas
Equatorial Guinea,2012,490132[308000-709000],1067[850-1280],490132,308000.0,709000.0,1067,850.0,1280.0,15169.0,77.0,357.75,Africa
Eritrea,2012,52483[33000-75000],85[6-180],52483,33000.0,75000.0,85,6.0,180.0,21815.0,30.0,16.15,Africa
Eswatini,2012,562,1[0-2],562,498000.0,1389000.0,1,0.0,2.0,562.0,3.0,1.86,Africa
Ethiopia,2012,5237442[424000-22450000],8816[50-46500],5237442,424000.0,22450000.0,8816,50.0,46500.0,1692578.0,1621.0,116.19,Africa
Gabon,2012,326053[145000-584000],460[400-520],326053,145000.0,584000.0,460,400.0,520.0,19753.0,134.0,245.53,Africa
Gambia,2012,531834[434000-638000],636[540-730],531834,434000.0,638000.0,636,540.0,730.0,300363.0,289.0,274.82,Africa
Georgia,2012,0,0,0,498000.0,1389000.0,0,390.0,3565.0,0.0,0.0,0.0,Europe
Ghana,2012,9004550[6128000-13160000],14403[12600-16200],9004550,6128000.0,13160000.0,14403,12600.0,16200.0,3755166.0,2855.0,374.29,Africa
Guatemala,2012,6793[5600-8800],2[1-4],6793,5600.0,8800.0,2,1.0,4.0,5346.0,0.0,0.54,Americas
Guinea,2012,4452801[3251000-6051000],11578[9200-14000],4452801,3251000.0,6051000.0,11578,9200.0,14000.0,317200.0,979.0,427.8,Africa
Guinea-Bissau,2012,102959[46000-190000],660[560-760],102959,46000.0,190000.0,660,560.0,760.0,50381.0,370.0,128.75,Africa
Guyana,2012,43311[35000-53000],77[5-140],43311,35000.0,53000.0,77,5.0,140.0,31656.0,35.0,57.7,Americas
Haiti,2012,58234[36000-89000],149[4-320],58234,36000.0,89000.0,149,4.0,320.0,25423.0,6.0,6.53,Americas
Honduras,2012,8544[6800-10000],4[1-8],8544,6800.0,10000.0,4,1.0,8.0,6437.0,1.0,1.11,Americas
India,2012,14220000[10490000-19450000],20722[1980-39300],14220000,10490000.0,19450000.0,20722,1980.0,39300.0,1067824.0,519.0,11.85,South-East Asia
Indonesia,2012,2473705[1994000-3214000],3893[340-7440],2473705,1994000.0,3214000.0,3893,340.0,7440.0,417819.0,252.0,9.68,South-East Asia
Iran (Islamic Republic of),2012,756,0,756,498000.0,1389000.0,0,390.0,3565.0,756.0,0.0,0.98,Eastern Mediterranean
Iraq,2012,0,0,0,498000.0,1389000.0,0,390.0,3565.0,0.0,0.0,0.0,Eastern Mediterranean
Kazakhstan,2012,0,0,0,498000.0,1389000.0,0,390.0,3565.0,0.0,0.0,0.0,Europe
Kenya,2012,3252855[1862000-5394000],11990[10600-13400],3252855,1862000.0,5394000.0,11990,10600.0,13400.0,1453471.0,785.0,73.36,Africa
Kyrgyzstan,2012,0,0,0,498000.0,1389000.0,0,390.0,3565.0,0.0,0.0,0.0,Europe
Lao People's Democratic Republic,2012,98137[73000-126000],215[10-420],98137,73000.0,126000.0,215,10.0,420.0,46202.0,44.0,28.76,Western Pacific
Liberia,2012,1033327[617000-1648000],2354[1980-2730],1033327,617000.0,1648000.0,2354,1980.0,2730.0,1407455.0,1725.0,307.9,Africa
Madagascar,2012,1824487[1126000-2899000],4670[130-10400],1824487,1126000.0,2899000.0,4670,130.0,10400.0,359420.0,552.0,71.36,Africa
Malawi,2012,4317650[2969000-6244000],8819[7290-10400],4317650,2969000.0,6244000.0,8819,7290.0,10400.0,1564984.0,5516.0,314.02,Africa
Malaysia,2012,3662,12,3662,498000.0,1389000.0,12,390.0,3565.0,3662.0,12.0,3.15,Western Pacific
Mali,2012,6961475[4944000-9445000],19798[15500-24100],6961475,4944000.0,9445000.0,19798,15500.0,24100.0,886482.0,1894.0,435.65,Africa
Mauritania,2012,105626[24000-234000],1274[1090-1460],105626,24000.0,234000.0,1274,1090.0,1460.0,9037.0,106.0,28.42,Africa
Mexico,2012,833,0,833,498000.0,1389000.0,0,390.0,3565.0,833.0,0.0,0.33,Americas
Morocco,2012,0,4,0,498000.0,1389000.0,4,390.0,3565.0,0.0,0.0,0.0,Eastern Mediterranean
Mozambique,2012,9576806[7090000-12950000],17343[14100-20600],9576806,7090000.0,12950000.0,17343,14100.0,20600.0,1813984.0,2818.0,381.78,Africa
Myanmar,2012,1898175[1375000-2730000],3690[230-7560],1898175,1375000.0,2730000.0,3690,230.0,7560.0,480586.0,403.0,61.86,South-East Asia
Namibia,2012,5884[2700-9700],15[0-40],5884,2700.0,9700.0,15,0.0,40.0,194.0,4.0,3.36,Africa
Nepal,2012,13227[8300-27000],6[2-20],13227,8300.0,27000.0,6,2.0,20.0,2092.0,0.0,2.34,South-East Asia
Nicaragua,2012,1546[1300-1800],1[0-2],1546,1300.0,1800.0,1,0.0,2.0,1235.0,2.0,0.6,Americas
Niger,2012,7660985[4461000-11860000],22040[16600-27400],7660985,4461000.0,11860000.0,22040,16600.0,27400.0,2239858.0,2825.0,430.51,Africa
Nigeria,2012,61587135[43510000-83800000],125290[98100-152000],61587135,43510000.0,83800000.0,125290,98100.0,152000.0,2239858.0,7734.0,347.74,Africa
Oman,2012,0,0,0,498000.0,1389000.0,0,390.0,3565.0,0.0,0.0,0.0,Eastern Mediterranean
Pakistan,2012,1652576[796000-3282000],1704[230-4250],1652576,796000.0,3282000.0,1704,230.0,4250.0,290781.0,260.0,8.98,Eastern Mediterranean
Panama,2012,896[860-960],1,896,860.0,960.0,1,390.0,3565.0,844.0,1.0,0.24,Americas
Papua New Guinea,2012,1414839[503000-2815000],3048[110-8100],1414839,503000.0,2815000.0,3048,110.0,8100.0,150195.0,381.0,169.88,Western Pacific
Paraguay,2012,0,0,0,498000.0,1389000.0,0,390.0,3565.0,0.0,0.0,0.0,Americas
Peru,2012,39448[33000-46000],7,39448,33000.0,46000.0,7,390.0,3565.0,31436.0,7.0,3.49,Americas
Philippines,2012,19379[14000-25000],36[2-70],19379,14000.0,25000.0,36,2.0,70.0,7133.0,16.0,0.34,Western Pacific
Republic of Korea,2012,394,0,394,498000.0,1389000.0,0,390.0,3565.0,394.0,0.0,0.11,Western Pacific
Rwanda,2012,748975[596000-911000],3209[2840-3580],748975,596000.0,911000.0,3209,2840.0,3580.0,483470.0,459.0,71.46,Africa
Sao Tome and Principe,2012,12550,7,12550,498000.0,1389000.0,7,390.0,3565.0,12550.0,7.0,56.8,Africa
Saudi Arabia,2012,82,0,82,498000.0,1389000.0,0,390.0,3565.0,82.0,0.0,0.04,Eastern Mediterranean
Senegal,2012,835134[570000-1128000],4256[3740-4770],835134,570000.0,1128000.0,4256,3740.0,4770.0,280241.0,649.0,56.92,Africa
Sierra Leone,2012,2849037[1799000-4171000],20678[18200-23100],2849037,1799000.0,4171000.0,20678,18200.0,23100.0,1537322.0,3611.0,447.47,Africa
Solomon Islands,2012,52221[38000-74000],89[6-180],52221,38000.0,74000.0,89,6.0,180.0,24383.0,18.0,94.86,Western Pacific
Somalia,2012,310864[187000-454000],795[20-1730],310864,187000.0,454000.0,795,20.0,1730.0,35712.0,10.0,24.45,Eastern Mediterranean
South Africa,2012,5629,72,5629,498000.0,1389000.0,72,390.0,3565.0,5629.0,72.0,1.25,Africa
South Sudan,2012,1818297[1122000-2834000],5006[4300-5710],1818297,1122000.0,2834000.0,5006,4300.0,5710.0,225371.0,1321.0,232.68,Africa
Sri Lanka,2012,23,0,23,498000.0,1389000.0,0,390.0,3565.0,23.0,0.0,0.0,South-East Asia
Sudan,2012,993585[631000-1493000],2543[70-5690],993585,631000.0,1493000.0,2543,70.0,5690.0,526931.0,618.0,30.16,Eastern Mediterranean
Suriname,2012,356,0,356,498000.0,1389000.0,0,390.0,3565.0,356.0,0.0,6.93,Americas
Syrian Arab Republic,2012,0,0,0,498000.0,1389000.0,0,390.0,3565.0,0.0,1.0,0.0,Eastern Mediterranean
Tajikistan,2012,18,0,18,498000.0,1389000.0,0,390.0,3565.0,18.0,0.0,0.01,Europe
Thailand,2012,32569,37,32569,498000.0,1389000.0,37,390.0,3565.0,32569.0,37.0,2.53,South-East Asia
Timor-Leste,2012,7821[6600-9100],10[1-20],7821,6600.0,9100.0,10,1.0,20.0,5211.0,3.0,7.26,South-East Asia
Togo,2012,2399812[1634000-3435000],4676[3810-5540],2399812,1634000.0,3435000.0,4676,3810.0,5540.0,697374.0,1197.0,349.7,Africa
Turkey,2012,0,0,0,498000.0,1389000.0,0,390.0,3565.0,0.0,0.0,0.0,Europe
Turkmenistan,2012,0,0,0,498000.0,1389000.0,0,390.0,3565.0,0.0,0.0,0.0,Europe
Uganda,2012,9074100[5816000-14490000],15821[12700-18900],9074100,5816000.0,14490000.0,15821,12700.0,18900.0,2662258.0,6585.0,331.77,Africa
United Arab Emirates,2012,0,0,0,498000.0,1389000.0,0,390.0,3565.0,2662258.0,6585.0,0.0,Eastern Mediterranean
United Republic of Tanzania,2012,5851532[3638000-8761000],20124[17700-22600],5851532,3638000.0,8761000.0,20124,17700.0,22600.0,1986955.0,7820.0,116.25,Africa
Uzbekistan,2012,0,0,0,498000.0,1389000.0,0,390.0,3565.0,0.0,0.0,0.0,Europe
Vanuatu,2012,8408[6400-12000],12[1-20],8408,6400.0,12000.0,12,1.0,20.0,3435.0,0.0,33.64,Western Pacific
Venezuela (Bolivarian Republic of),2012,67122[56000-86000],62[10-110],67122,56000.0,86000.0,62,10.0,110.0,52803.0,10.0,4.21,Americas
Viet Nam,2012,23838[22000-27000],40[3-70],23838,22000.0,27000.0,40,3.0,70.0,19638.0,8.0,0.36,Western Pacific
Yemen,2012,849989[578000-1295000],2169[70-4360],849989,578000.0,1295000.0,2169,70.0,4360.0,109908.0,72.0,45.09,Eastern Mediterranean
Zambia,2012,2681660[1807000-3828000],6865[5870-7860],2681660,1807000.0,3828000.0,6865,5870.0,7860.0,109908.0,3705.0,203.08,Africa
Zimbabwe,2012,592186[408000-791000],1515[40-2980],592186,408000.0,791000.0,1515,40.0,2980.0,276963.0,351.0,57.22,Africa
Afghanistan,2011,454823[210000-746000],242[70-490],454823,210000.0,746000.0,242,70.0,490.0,77549.0,40.0,18.87,Eastern Mediterranean
Algeria,2011,1,0,1,498000.0,1389000.0,0,390.0,3565.0,1.0,0.0,0.0,Africa
Angola,2011,3040461[1910000-4456000],12763[9270-16300],3040461,1910000.0,4456000.0,12763,9270.0,16300.0,1632282.0,6909.0,175.99,Africa
Argentina,2011,0,0,0,498000.0,1389000.0,0,390.0,3565.0,0.0,0.0,0.0,Americas
Armenia,2011,0,0,0,498000.0,1389000.0,0,390.0,3565.0,0.0,0.0,0.0,Europe
Azerbaijan,2011,4,0,4,498000.0,1389000.0,0,390.0,3565.0,4.0,0.0,0.02,Europe
Bangladesh,2011,102302[88000-118000],250[10-420],102302,88000.0,118000.0,250,10.0,420.0,51773.0,36.0,3.95,South-East Asia
Belize,2011,72,0,72,498000.0,1389000.0,0,390.0,3565.0,72.0,0.0,0.32,Americas
Benin,2011,3515943[2362000-5240000],7554[5900-9210],3515943,2362000.0,5240000.0,7554,5900.0,9210.0,422968.0,1753.0,370.11,Africa
Bhutan,2011,228,1,228,498000.0,1389000.0,1,390.0,3565.0,194.0,1.0,0.44,South-East Asia
Bolivia (Plurinational State of),2011,10175[7600-13000],5[1-9],10175,7600.0,13000.0,5,1.0,9.0,7143.0,0.0,2.09,Americas
Botswana,2011,678[520-970],1[0-3],678,520.0,970.0,1,0.0,3.0,432.0,8.0,0.51,Africa
Brazil,2011,281346[271000-300000],70,281346,271000.0,300000.0,70,390.0,3565.0,267146.0,70.0,7.08,Americas
Burkina Faso,2011,9320362[6648000-12390000],40873[35100-46600],9320362,6648000.0,12390000.0,40873,35100.0,46600.0,428113.0,7001.0,539.56,Africa
Burundi,2011,1546912[916000-2506000],4724[3800-5660],1546912,916000.0,2506000.0,4724,3800.0,5660.0,1571874.0,2233.0,184.15,Africa
Cabo Verde,2011,7,1,7,498000.0,1389000.0,1,390.0,3565.0,7.0,1.0,0.05,Africa
Cambodia,2011,376898[338000-424000],657[50-1120],376898,338000.0,424000.0,657,50.0,1120.0,57423.0,94.0,35.79,Western Pacific
Cameroon,2011,5462230[3592000-8136000],11848[9060-14600],5462230,3592000.0,8136000.0,11848,9060.0,14600.0,15212.0,3808.0,265.1,Africa
Central African Republic,2011,2118745[1003000-3588000],7426[6020-8830],2118745,1003000.0,3588000.0,7426,6020.0,8830.0,15212.0,858.0,419.33,Africa
Chad,2011,3565593[2570000-4807000],12809[9660-16000],3565593,2570000.0,4807000.0,12809,9660.0,16000.0,181126.0,1220.0,210.48,Africa
China,2011,3367,33,3367,498000.0,1389000.0,33,390.0,3565.0,3367.0,33.0,0.01,Western Pacific
Colombia,2011,83763[64000-104000],23,83763,64000.0,104000.0,23,390.0,3565.0,60105.0,23.0,8.32,Americas
Comoros,2011,24856,61[2-100],24856,498000.0,1389000.0,61,2.0,100.0,24856.0,19.0,35.18,Africa
Congo,2011,861145[485000-1412000],1948[1710-2190],861145,485000.0,1412000.0,1948,1710.0,2190.0,37744.0,892.0,224.38,Americas
Costa Rica,2011,10,0,10,498000.0,1389000.0,0,390.0,3565.0,10.0,0.0,0.01,Americas
Côte d'Ivoire,2011,7525922[5095000-11190000],14960[12200-17700],7525922,5095000.0,11190000.0,14960,12200.0,17700.0,29976.0,1389.0,442.11,Africa
Democratic People's Republic of Korea,2011,16760,0,16760,498000.0,1389000.0,0,390.0,3565.0,16760.0,0.0,1.74,Western Pacific
Democratic Republic of the Congo,2011,22535174[14950000-34200000],53765[41200-66300],22535174,14950000.0,34200000.0,53765,41200.0,66300.0,4561981.0,23748.0,399.59,Africa
Djibouti,2011,0,0,0,498000.0,1389000.0,0,390.0,3565.0,4561981.0,0.0,3.42,Eastern Mediterranean
Dominican Republic,2011,2010[1700-2300],5[0-8],2010,1700.0,2300.0,5,0.0,8.0,1616.0,10.0,0.39,Americas
Ecuador,2011,1219,0,1219,498000.0,1389000.0,0,390.0,3565.0,1219.0,0.0,2.74,Americas
Egypt,2011,0,4,0,498000.0,1389000.0,4,390.0,3565.0,0.0,4.0,0.0,Eastern Mediterranean
El Salvador,2011,9,0,9,498000.0,1389000.0,0,390.0,3565.0,9.0,0.0,0.01,Americas
Equatorial Guinea,2011,481385[302000-706000],1079[860-1300],481385,302000.0,706000.0,1079,860.0,1300.0,22466.0,52.0,342.4,Africa
Eritrea,2011,76678[49000-107000],142[9-290],76678,49000.0,107000.0,142,9.0,290.0,34848.0,12.0,23.86,Africa
Eswatini,2011,549,1[0-2],549,498000.0,1389000.0,1,0.0,2.0,549.0,1.0,1.83,Africa
Ethiopia,2011,5094685[410000-22710000],8489[50-45000],5094685,410000.0,22710000.0,8489,50.0,45000.0,1480306.0,936.0,116.13,Africa
Gabon,2011,309019[145000-576000],438[380-490],309019,145000.0,576000.0,438,380.0,490.0,1480306.0,74.0,212.72,Africa
Gambia,2011,483793[400000-577000],631[530-730],483793,400000.0,577000.0,631,530.0,730.0,261967.0,440.0,257.26,Africa
Georgia,2011,0,0,0,498000.0,1389000.0,0,390.0,3565.0,0.0,0.0,0.0,Europe
Ghana,2011,9251148[6348000-13300000],14954[13000-16900],9251148,6348000.0,13300000.0,14954,13000.0,16900.0,1041260.0,3259.0,379.52,Africa
Guatemala,2011,8638[7200-11000],3[1-6],8638,7200.0,11000.0,3,1.0,6.0,6817.0,0.0,0.71,Americas
Guinea,2011,4455792[3236000-6069000],12479[9870-15100],4455792,3236000.0,6069000.0,12479,9870.0,15100.0,95574.0,743.0,426.9,Africa
Guinea-Bissau,2011,113666[56000-192000],664[560-770],113666,56000.0,192000.0,664,560.0,770.0,71982.0,472.0,140.55,Africa
Guyana,2011,40880[33000-50000],76[4-140],40880,33000.0,50000.0,76,4.0,140.0,29506.0,36.0,54.65,Americas
Haiti,2011,79329[49000-122000],203[5-440],79329,49000.0,122000.0,203,5.0,440.0,34350.0,5.0,9.03,Americas
Honduras,2011,9969[7900-12000],5[1-9],9969,7900.0,12000.0,5,1.0,9.0,7510.0,2.0,1.32,Americas
India,2011,17520000[12760000-23930000],25990[2360-49100],17520000,12760000.0,23930000.0,25990,2360.0,49100.0,1310656.0,754.0,14.76,South-East Asia
Indonesia,2011,2488590[2013000-3226000],3921[340-7430],2488590,2013000.0,3226000.0,3921,340.0,7430.0,422447.0,388.0,9.89,South-East Asia
Iran (Islamic Republic of),2011,1632,0,1632,498000.0,1389000.0,0,390.0,3565.0,1632.0,0.0,2.14,Eastern Mediterranean
Iraq,2011,0,0,0,498000.0,1389000.0,0,390.0,3565.0,0.0,0.0,0.0,Eastern Mediterranean
Kazakhstan,2011,0,0,0,498000.0,1389000.0,0,390.0,3565.0,0.0,0.0,0.0,Europe
Kenya,2011,2930265[1701000-4797000],11834[10400-13200],2930265,1701000.0,4797000.0,11834,10400.0,13200.0,1002805.0,713.0,67.86,Africa
Kyrgyzstan,2011,0,0,0,498000.0,1389000.0,0,390.0,3565.0,0.0,1.0,0.0,Europe
Lao People's Democratic Republic,2011,36513[27000-47000],87[3-160],36513,27000.0,47000.0,87,3.0,160.0,17532.0,17.0,10.87,Western Pacific
Liberia,2011,1253129[785000-2007000],2554[2120-2980],1253129,785000.0,2007000.0,2554,2120.0,2980.0,1915762.0,17.0,330.41,Africa
Madagascar,2011,841836[524000-1225000],2155[60-4520],841836,524000.0,1225000.0,2155,60.0,4520.0,224498.0,398.0,36.55,Africa
Malawi,2011,4476529[3085000-6518000],9085[7480-10700],4476529,3085000.0,6518000.0,9085,7480.0,10700.0,304499.0,6674.0,362.78,Africa
Malaysia,2011,3954,12,3954,498000.0,1389000.0,12,390.0,3565.0,3954.0,12.0,3.45,Western Pacific
Mali,2011,6279267[4466000-8577000],19409[15200-23600],6279267,4466000.0,8577000.0,19409,15200.0,23600.0,307035.0,2128.0,404.73,Africa
Mauritania,2011,171669[43000-357000],1250[1060-1440],171669,43000.0,357000.0,1250,1060.0,1440.0,5991.0,66.0,47.58,Africa
Mexico,2011,1124,0,1124,498000.0,1389000.0,0,390.0,3565.0,1124.0,0.0,0.46,Americas
Morocco,2011,0,0,0,498000.0,1389000.0,0,390.0,3565.0,0.0,0.0,0.0,Eastern Mediterranean
Mozambique,2011,8930459[6554000-12230000],17478[14100-20800],8930459,6554000.0,12230000.0,17478,14100.0,20800.0,1756874.0,3086.0,389.92,Africa
Myanmar,2011,1322336[1036000-1724000],2471[160-4650],1322336,1036000.0,1724000.0,2471,160.0,4650.0,465294.0,581.0,43.49,South-East Asia
Namibia,2011,3671[2600-5400],9[0-20],3671,2600.0,5400.0,9,0.0,20.0,1860.0,36.0,2.13,Africa
Nepal,2011,24062[15000-45000],10[3-20],24062,15000.0,45000.0,10,3.0,20.0,3414.0,2.0,3.03,South-East Asia
Nicaragua,2011,1158[970-1400],0[0-1],1158,970.0,1400.0,0,0.0,1.0,925.0,1.0,0.45,Americas
Niger,2011,7323097[4124000-11200000],22258[16800-27800],7323097,4124000.0,11200000.0,22258,16800.0,27800.0,780876.0,2802.0,427.88,Africa
Nigeria,2011,60529456[43880000-82700000],136533[107000-166000],60529456,43880000.0,82700000.0,136533,107000.0,166000.0,780876.0,3353.0,372.56,Africa
Oman,2011,0,0,0,498000.0,1389000.0,0,390.0,3565.0,0.0,0.0,0.0,Eastern Mediterranean
Pakistan,2011,1905938[933000-3682000],1814[280-4330],1905938,933000.0,3682000.0,1814,280.0,4330.0,334589.0,4.0,10.57,Eastern Mediterranean
Panama,2011,376[360-400],0,376,360.0,400.0,0,390.0,3565.0,354.0,0.0,0.1,Americas
Papua New Guinea,2011,1045967[388000-1806000],2344[80-5580],1045967,388000.0,1806000.0,2344,80.0,5580.0,84060.0,523.0,139.98,Western Pacific
Paraguay,2011,1,0,1,498000.0,1389000.0,0,390.0,3565.0,1.0,0.0,0.0,Americas
Peru,2011,30122[26000-34000],1,30122,26000.0,34000.0,1,390.0,3565.0,25039.0,1.0,2.69,Americas
Philippines,2011,24222[18000-31000],48[2-90],24222,18000.0,31000.0,48,2.0,90.0,9552.0,12.0,0.43,Western Pacific
Republic of Korea,2011,505,2,505,498000.0,1389000.0,2,390.0,3565.0,505.0,2.0,0.14,Western Pacific
Rwanda,2011,401794[301000-511000],3218[2820-3620],401794,301000.0,511000.0,3218,2820.0,3620.0,208858.0,380.0,39.29,Africa
Sao Tome and Principe,2011,8442,19,8442,498000.0,1389000.0,19,390.0,3565.0,8442.0,19.0,45.75,Africa
Saudi Arabia,2011,69,0,69,498000.0,1389000.0,0,390.0,3565.0,69.0,0.0,0.03,Eastern Mediterranean
Senegal,2011,709373[498000-942000],4271[3720-4820],709373,498000.0,942000.0,4271,3720.0,4820.0,274119.0,472.0,49.91,Africa
Sierra Leone,2011,3006695[1957000-4314000],22419[19500-25300],3006695,1957000.0,4314000.0,22419,19500.0,25300.0,638859.0,3573.0,453.65,Africa
Solomon Islands,2011,62676[44000-92000],109[8-230],62676,44000.0,92000.0,109,8.0,230.0,26657.0,19.0,116.91,Western Pacific
Somalia,2011,301405[181000-441000],771[20-1680],301405,181000.0,441000.0,771,20.0,1680.0,3351.0,5.0,24.35,Eastern Mediterranean
South Africa,2011,9866,54,9866,498000.0,1389000.0,54,390.0,3565.0,9866.0,54.0,1.9,Africa
South Sudan,2011,1939487[1248000-2904000],5136[4380-5890],1939487,1248000.0,2904000.0,5136,4380.0,5890.0,112024.0,406.0,235.87,Africa
Sri Lanka,2011,124,0,124,498000.0,1389000.0,0,390.0,3565.0,124.0,0.0,0.03,South-East Asia
Sudan,2011,951357[611000-1442000],2435[70-5500],951357,611000.0,1442000.0,2435,70.0,5500.0,506806.0,612.0,29.97,Eastern Mediterranean
Suriname,2011,771,1,771,498000.0,1389000.0,1,390.0,3565.0,771.0,1.0,9.75,Americas
Syrian Arab Republic,2011,0,0,0,498000.0,1389000.0,0,390.0,3565.0,0.0,0.0,0.0,Eastern Mediterranean
Tajikistan,2011,65,0,65,498000.0,1389000.0,0,390.0,3565.0,65.0,0.0,0.03,Europe
Thailand,2011,24897,43,24897,498000.0,1389000.0,43,390.0,3565.0,24897.0,43.0,1.94,South-East Asia
Timor-Leste,2011,33063[26000-41000],70[3-130],33063,26000.0,41000.0,70,3.0,130.0,19739.0,16.0,31.27,South-East Asia
Togo,2011,2350507[1593000-3322000],4814[3910-5720],2350507,1593000.0,3322000.0,4814,3910.0,5720.0,519450.0,1314.0,313.4,Africa
Turkey,2011,0,0,0,498000.0,1389000.0,0,390.0,3565.0,0.0,4.0,0.0,Europe
Turkmenistan,2011,0,0,0,498000.0,1389000.0,0,390.0,3565.0,0.0,0.0,0.0,Europe
Uganda,2011,10686032[7124000-16720000],18393[14700-22100],10686032,7124000.0,16720000.0,18393,14700.0,22100.0,231873.0,5958.0,385.7,Africa
United Arab Emirates,2011,0,0,0,498000.0,1389000.0,0,390.0,3565.0,231873.0,5958.0,0.0,Eastern Mediterranean
United Republic of Tanzania,2011,6300351[3854000-9585000],20131[17600-22700],6300351,3854000.0,9585000.0,20131,17600.0,22700.0,2150761.0,11806.0,132.48,Africa
Uzbekistan,2011,0,0,0,498000.0,1389000.0,0,390.0,3565.0,0.0,0.0,0.0,Europe
Vanuatu,2011,11651[8800-16000],14[1-30],11651,8800.0,16000.0,14,1.0,30.0,4820.0,1.0,47.93,Western Pacific
Venezuela (Bolivarian Republic of),2011,58086[48000-75000],51[9-90],58086,48000.0,75000.0,51,9.0,90.0,45824.0,16.0,3.71,Americas
Viet Nam,2011,20206[19000-23000],35[2-60],20206,19000.0,23000.0,35,2.0,60.0,16612.0,14.0,0.31,Western Pacific
Yemen,2011,792458[480000-1406000],2013[70-4620],792458,480000.0,1406000.0,2013,70.0,4620.0,90410.0,75.0,42.73,Eastern Mediterranean
Zambia,2011,2298064[1550000-3291000],6688[5710-7660],2298064,1550000.0,3291000.0,6688,5710.0,7660.0,90410.0,4540.0,186.7,Africa
Zimbabwe,2011,718725[473000-982000],1839[50-3720],718725,473000.0,982000.0,1839,50.0,3720.0,319935.0,451.0,70.68,Africa
Afghanistan,2010,353343[181000-581000],200[60-410],353343,181000.0,581000.0,200,60.0,410.0,69397.0,22.0,15.11,Eastern Mediterranean
Algeria,2010,1,1,1,498000.0,1389000.0,1,390.0,3565.0,1.0,1.0,0.0,Africa
Angola,2010,3125901[2009000-4595000],13351[9730-17000],3125901,2009000.0,4595000.0,13351,9730.0,17000.0,1682870.0,8114.0,185.52,Africa
Argentina,2010,14,0,14,498000.0,1389000.0,0,390.0,3565.0,14.0,0.0,0.07,Americas
Armenia,2010,0,0,0,498000.0,1389000.0,0,390.0,3565.0,0.0,0.0,0.0,Europe
Azerbaijan,2010,50,0,50,498000.0,1389000.0,0,390.0,3565.0,50.0,0.0,0.24,Europe
Bangladesh,2010,113895[97000-133000],274[10-470],113895,97000.0,133000.0,274,10.0,470.0,55873.0,37.0,4.33,South-East Asia
Belize,2010,150,0,150,498000.0,1389000.0,0,390.0,3565.0,150.0,0.0,0.67,Americas
Benin,2010,3713395[2495000-5565000],8273[6520-10000],3713395,2495000.0,5565000.0,8273,6520.0,10000.0,150.0,964.0,387.76,Africa
Bhutan,2010,526,2,526,498000.0,1389000.0,2,390.0,3565.0,436.0,2.0,1.04,South-East Asia
Bolivia (Plurinational State of),2010,19614[15000-25000],11[3-20],19614,15000.0,25000.0,11,3.0,20.0,13769.0,0.0,4.09,Americas
Botswana,2010,3072[1300-8600],7[0-30],3072,1300.0,8600.0,7,0.0,30.0,1046.0,8.0,1.69,Africa
Brazil,2010,384655[346000-417000],76,384655,346000.0,417000.0,76,390.0,3565.0,334483.0,76.0,9.81,Americas
Burkina Faso,2010,9221846[6578000-12230000],43695[37300-50100],9221846,6578000.0,12230000.0,43695,37300.0,50100.0,804539.0,9024.0,551.24,Africa
Burundi,2010,1608931[955000-2677000],4801[3840-5760],1608931,955000.0,2677000.0,4801,3840.0,5760.0,1763447.0,2677.0,210.2,Africa
Cabo Verde,2010,47,1,47,498000.0,1389000.0,1,390.0,3565.0,47.0,1.0,0.37,Africa
Cambodia,2010,361377[304000-430000],659[40-1170],361377,304000.0,430000.0,659,40.0,1170.0,49356.0,151.0,34.91,Western Pacific
Cameroon,2010,5361329[3578000-7972000],12340[9450-15200],5361329,3578000.0,7972000.0,12340,9450.0,15200.0,49356.0,4536.0,295.53,Africa
Central African Republic,2010,2140887[1060000-3519000],8165[6590-9730],2140887,1060000.0,3519000.0,8165,6590.0,9730.0,49356.0,526.0,434.51,Africa
Chad,2010,3594883[2594000-4735000],13695[10300-17000],3594883,2594000.0,4735000.0,13695,10300.0,17000.0,200448.0,886.0,225.94,Africa
China,2010,4990,19,4990,498000.0,1389000.0,19,390.0,3565.0,4990.0,19.0,0.01,Western Pacific
Colombia,2010,163874[125000-204000],42,163874,125000.0,204000.0,42,390.0,3565.0,117589.0,42.0,16.43,Americas
Comoros,2010,36538,90[3-140],36538,498000.0,1389000.0,90,3.0,140.0,36538.0,53.0,52.98,Africa
Congo,2010,835820[468000-1370000],1962[1710-2210],835820,468000.0,1370000.0,1962,1710.0,2210.0,36538.0,53.0,220.92,Americas
Costa Rica,2010,110,0,110,498000.0,1389000.0,0,390.0,3565.0,110.0,0.0,0.07,Americas
Côte d'Ivoire,2010,7939844[5391000-11380000],16925[13800-20000],7939844,5391000.0,11380000.0,16925,13800.0,20000.0,62726.0,1023.0,469.27,Africa
Democratic People's Republic of Korea,2010,13520,0,13520,498000.0,1389000.0,0,390.0,3565.0,13520.0,0.0,1.41,Western Pacific
Democratic Republic of the Congo,2010,23691683[16060000-35620000],62375[48100-76600],23691683,16060000.0,35620000.0,62375,48100.0,76600.0,2417780.0,23476.0,428.31,Africa
Djibouti,2010,1010,0,1010,498000.0,1389000.0,0,390.0,3565.0,1010.0,0.0,1.6,Eastern Mediterranean
Dominican Republic,2010,4247[3600-5000],10[0-20],4247,3600.0,5000.0,10,0.0,20.0,3414.0,15.0,0.6,Americas
Ecuador,2010,1888,0,1888,498000.0,1389000.0,0,390.0,3565.0,1888.0,0.0,4.28,Americas
Egypt,2010,0,2,0,498000.0,1389000.0,2,390.0,3565.0,0.0,2.0,0.0,Eastern Mediterranean
El Salvador,2010,19,0,19,498000.0,1389000.0,0,390.0,3565.0,19.0,0.0,0.02,Americas
Equatorial Guinea,2010,381639[239000-558000],1047[840-1260],381639,239000.0,558000.0,1047,840.0,1260.0,53813.0,30.0,339.99,Africa
Eritrea,2010,83471[53000-119000],161[9-330],83471,53000.0,119000.0,161,9.0,330.0,35982.0,27.0,26.33,Africa
Eswatini,2010,268,0[0-1],268,498000.0,1389000.0,0,0.0,1.0,268.0,8.0,0.9,Africa
Ethiopia,2010,7701107[478000-27080000],14514[60-64700],7701107,478000.0,27080000.0,14514,60.0,64700.0,1158197.0,1581.0,128.4,Africa
Gabon,2010,285725[130000-549000],413[360-460],285725,130000.0,549000.0,413,360.0,460.0,13936.0,182.0,177.82,Africa
Gambia,2010,465479[367000-580000],619[520-720],465479,367000.0,580000.0,619,520.0,720.0,116353.0,151.0,289.27,Africa
Georgia,2010,0,0,0,498000.0,1389000.0,0,390.0,3565.0,0.0,0.0,0.0,Europe
Ghana,2010,9171294[6265000-13160000],15241[13200-17300],9171294,6265000.0,13160000.0,15241,13200.0,17300.0,1071637.0,3859.0,364.15,Africa
Guatemala,2010,9545[7900-12000],3[1-7],9545,7900.0,12000.0,3,1.0,7.0,7384.0,0.0,0.87,Americas
Guinea,2010,4348149[3111000-5940000],12896[10200-15600],4348149,3111000.0,5940000.0,12896,10200.0,15600.0,20936.0,735.0,414.66,Africa
Guinea-Bissau,2010,122027[67000-203000],664[550-770],122027,67000.0,203000.0,664,550.0,770.0,50391.0,296.0,134.37,Africa
Guyana,2010,32656[26000-41000],57[4-100],32656,26000.0,41000.0,57,4.0,100.0,22935.0,24.0,43.8,Americas
Haiti,2010,82766[48000-131000],211[5-480],82766,48000.0,131000.0,211,5.0,480.0,84153.0,8.0,8.73,Americas
Honduras,2010,13106[10000-16000],7[2-10],13106,10000.0,16000.0,7,2.0,10.0,9744.0,3.0,1.77,Americas
India,2010,20490000[15080000-28300000],30930[2770-58600],20490000,15080000.0,28300000.0,30930,2770.0,58600.0,1599986.0,1018.0,17.52,South-East Asia
Indonesia,2010,2730079[2199000-3531000],4364[380-8290],2730079,2199000.0,3531000.0,4364,380.0,8290.0,465764.0,432.0,11.02,South-East Asia
Iran (Islamic Republic of),2010,1847,0,1847,498000.0,1389000.0,0,390.0,3565.0,1847.0,0.0,2.45,Eastern Mediterranean
Iraq,2010,0,0,0,498000.0,1389000.0,0,390.0,3565.0,0.0,0.0,0.0,Eastern Mediterranean
Kazakhstan,2010,0,0,0,498000.0,1389000.0,0,390.0,3565.0,0.0,0.0,0.0,Europe
Kenya,2010,2845913[1647000-4630000],11375[10000-12700],2845913,1647000.0,4630000.0,11375,10000.0,12700.0,898531.0,26017.0,67.71,Africa
Kyrgyzstan,2010,3,0,3,498000.0,1389000.0,0,390.0,3565.0,3.0,0.0,0.0,Europe
Lao People's Democratic Republic,2010,40528[30000-54000],101[3-190],40528,30000.0,54000.0,101,3.0,190.0,20800.0,24.0,15.74,Western Pacific
Liberia,2010,1295630[838000-2051000],2764[2280-3250],1295630,838000.0,2051000.0,2764,2280.0,3250.0,922173.0,1422.0,345.77,Africa
Madagascar,2010,937413[559000-1501000],2399[70-5360],937413,559000.0,1501000.0,2399,70.0,5360.0,202450.0,427.0,42.24,Africa
Malawi,2010,4602005[3214000-6681000],9506[7800-11200],4602005,3214000.0,6681000.0,9506,7800.0,11200.0,202450.0,8206.0,386.02,Africa
Malaysia,2010,5194,13,5194,498000.0,1389000.0,13,390.0,3565.0,5194.0,13.0,4.6,Western Pacific
Mali,2010,5772983[4132000-7960000],17725[13900-21600],5772983,4132000.0,7960000.0,17725,13900.0,21600.0,227482.0,3006.0,383.6,Africa
Mauritania,2010,128567[21000-287000],1226[1040-1410],128567,21000.0,287000.0,1226,1040.0,1410.0,6367.0,60.0,38.83,Africa
Mexico,2010,1226,0,1226,498000.0,1389000.0,0,390.0,3565.0,1226.0,0.0,0.51,Americas
Morocco,2010,3,2,3,498000.0,1389000.0,2,390.0,3565.0,3.0,2.0,0.0,Eastern Mediterranean
Mozambique,2010,8455521[6102000-11640000],17542[14200-20900],8455521,6102000.0,11640000.0,17542,14200.0,20900.0,1522577.0,3354.0,398.41,Africa
Myanmar,2010,2019172[1393000-3044000],3885[240-8270],2019172,1393000.0,3044000.0,3885,240.0,8270.0,420808.0,788.0,66.98,South-East Asia
Namibia,2010,2601[800-6200],6[0-20],2601,800.0,6200.0,6,0.0,20.0,556.0,63.0,1.54,Africa
Nepal,2010,30690[15000-63000],27[4-70],30690,15000.0,63000.0,27,4.0,70.0,3894.0,6.0,3.87,South-East Asia
Nicaragua,2010,866[730-1000],0[0-1],866,730.0,1000.0,0,0.0,1.0,692.0,1.0,0.34,Americas
Niger,2010,7007707[3855000-10710000],21750[16400-27200],7007707,3855000.0,10710000.0,21750,16400.0,27200.0,620058.0,3929.0,425.64,Africa
Nigeria,2010,60749349[43800000-83240000],146734[115000-179000],60749349,43800000.0,83240000.0,146734,115000.0,179000.0,551187.0,4238.0,398.9,Africa
Oman,2010,7,0,7,498000.0,1389000.0,0,390.0,3565.0,7.0,0.0,0.0,Eastern Mediterranean
Pakistan,2010,1445704[660000-2959000],1617[190-4250],1445704,660000.0,2959000.0,1617,190.0,4250.0,240591.0,0.0,8.2,Eastern Mediterranean
Panama,2010,444[430-470],1,444,430.0,470.0,1,390.0,3565.0,418.0,1.0,0.12,Americas
Papua New Guinea,2010,1240109[439000-2154000],2634[100-6250],1240109,439000.0,2154000.0,2634,100.0,6250.0,93956.0,616.0,169.63,Western Pacific
Paraguay,2010,18,0,18,498000.0,1389000.0,0,390.0,3565.0,18.0,0.0,0.08,Americas
Peru,2010,37121[33000-42000],0,37121,33000.0,42000.0,0,390.0,3565.0,31546.0,0.0,3.32,Americas
Philippines,2010,54209[39000-71000],114[5-220],54209,39000.0,71000.0,114,5.0,220.0,18560.0,30.0,0.98,Western Pacific
Republic of Korea,2010,1267,1,1267,498000.0,1389000.0,1,390.0,3565.0,1267.0,1.0,0.37,Western Pacific
Rwanda,2010,1260186[848000-1729000],3253[2820-3690],1260186,848000.0,1729000.0,3253,2820.0,3690.0,638669.0,670.0,126.31,Africa
Sao Tome and Principe,2010,2740,14,2740,498000.0,1389000.0,14,390.0,3565.0,2740.0,14.0,15.19,Africa
Saudi Arabia,2010,29,0,29,498000.0,1389000.0,0,390.0,3565.0,29.0,0.0,0.01,Eastern Mediterranean
Senegal,2010,792643[563000-1046000],4284[3710-4860],792643,563000.0,1046000.0,4284,3710.0,4860.0,330331.0,553.0,59.28,Africa
Sierra Leone,2010,3031470[1954000-4234000],23575[20400-26800],3031470,1954000.0,4234000.0,23575,20400.0,26800.0,934028.0,8188.0,458.74,Africa
Solomon Islands,2010,91425[65000-132000],163[10-330],91425,65000.0,132000.0,163,10.0,330.0,39704.0,34.0,174.95,Western Pacific
Somalia,2010,356323[214000-527000],912[20-1990],356323,214000.0,527000.0,912,20.0,1990.0,24553.0,6.0,29.59,Eastern Mediterranean
South Africa,2010,8060,83,8060,498000.0,1389000.0,83,390.0,3565.0,8060.0,83.0,1.57,Africa
South Sudan,2010,1940101[1283000-2836000],5286[4470-6110],1940101,1283000.0,2836000.0,5286,4470.0,6110.0,900283.0,1053.0,243.97,Africa
Sri Lanka,2010,684,0,684,498000.0,1389000.0,0,390.0,3565.0,684.0,0.0,0.15,South-East Asia
Sudan,2010,961960[606000-1453000],2462[70-5520],961960,606000.0,1453000.0,2462,70.0,5520.0,720557.0,1023.0,30.66,Eastern Mediterranean
Suriname,2010,1712,1,1712,498000.0,1389000.0,1,390.0,3565.0,1712.0,1.0,23.33,Americas
Syrian Arab Republic,2010,0,0,0,498000.0,1389000.0,0,390.0,3565.0,0.0,0.0,0.0,Eastern Mediterranean
Tajikistan,2010,111,0,111,498000.0,1389000.0,0,390.0,3565.0,111.0,0.0,0.04,Europe
Thailand,2010,32480,80,32480,498000.0,1389000.0,80,390.0,3565.0,32480.0,80.0,2.55,South-East Asia
Timor-Leste,2010,103604[74000-137000],200[10-390],103604,74000.0,137000.0,200,10.0,390.0,48137.0,58.0,99.74,South-East Asia
Togo,2010,2366948[1580000-3356000],5064[4100-6030],2366948,1580000.0,3356000.0,5064,4100.0,6030.0,617101.0,1507.0,308.88,Africa
Turkey,2010,0,0,0,498000.0,1389000.0,0,390.0,3565.0,0.0,0.0,0.0,Europe
Turkmenistan,2010,0,0,0,498000.0,1389000.0,0,390.0,3565.0,0.0,0.0,0.0,Europe
Uganda,2010,11503116[7618000-17700000],21558[17200-26000],11503116,7618000.0,17700000.0,21558,17200.0,26000.0,1581160.0,8431.0,417.35,Africa
United Arab Emirates,2010,0,0,0,498000.0,1389000.0,0,390.0,3565.0,1581160.0,8431.0,0.0,Eastern Mediterranean
United Republic of Tanzania,2010,6545932[3955000-9995000],20281[17600-23000],6545932,3955000.0,9995000.0,20281,17600.0,23000.0,1278998.0,15867.0,145.46,Africa
Uzbekistan,2010,3,0,3,498000.0,1389000.0,0,390.0,3565.0,3.0,0.0,0.0,Europe
Vanuatu,2010,15695[12000-20000],20[2-40],15695,12000.0,20000.0,20,2.0,40.0,8169.0,1.0,66.33,Western Pacific
Venezuela (Bolivarian Republic of),2010,57257[47000-74000],52[9-90],57257,47000.0,74000.0,52,9.0,90.0,45155.0,18.0,4.07,Americas
Viet Nam,2010,23062[21000-26000],45[2-80],23062,21000.0,26000.0,45,2.0,80.0,17515.0,21.0,0.35,Western Pacific
Yemen,2010,1134927[611000-2686000],2874[90-8490],1134927,611000.0,2686000.0,2874,90.0,8490.0,106697.0,92.0,62.76,Eastern Mediterranean
Zambia,2010,2169307[1449000-3095000],6544[5580-7510],2169307,1449000.0,3095000.0,6544,5580.0,7510.0,106697.0,4834.0,177.02,Africa
Zimbabwe,2010,1095083[606000-1717000],2803[80-6190],1095083,606000.0,1717000.0,2803,80.0,6190.0,249379.0,255.0,109.43,Africa
